timestamp,venue,trade_id,trader,venue_account,instrument_type,symbol,side,quantity,price,fee,fee_asset
2026-08-01T18:20:47Z,BYBIT,T00093,TRADER_B,TRADER_B_BYBIT,FUTURES,SOLUSDT,SELL,5,157.855,0.34961130,USDT
2026-08-01T06:15:02Z,BYBIT,T00410,TRADER_D,TRADER_D_BYBIT,FUTURES,XRPUSDT,BUY,250,0.62317,0.04580724,USDT
2026-08-01T06:55:14Z,OKX,T00656,TRADER_C,TRADER_C_OKX,FUTURES,XRPUSDT,BUY,500,0.62429,0.14690698,USDT
2026-08-01T21:57:18Z,BINANCE,T00633,TRADER_D,TRADER_D_BINANCE,FUTURES,XRPUSDT,BUY,250,0.62456,0.00004364,BNB
2026-08-01T04:57:00Z,OKX,T00267,TRADER_C,TRADER_C_OKX,FUTURES,SOLUSDT,SELL,5,156.425,0.17350644,USDT
2026-08-01T00:15:27Z,BYBIT,T00205,TRADER_A,TRADER_A_BYBIT,FUTURES,SOLUSDT,SELL,15,155.163,0.00066487,BNB
2026-08-01T07:46:52Z,BINANCE,T00651,TRADER_D,TRADER_D_BINANCE,FUTURES,XRPUSDT,SELL,1500,0.62678,0.41103780,USDT
2026-08-01T01:42:00Z,BYBIT,T00605,TRADER_A,TRADER_A_BYBIT,FUTURES,SOLUSDT,BUY,15,156.296,0.79670382,USDT
2026-08-01T21:49:15Z,BINANCE,T00001,TRADER_A,TRADER_A_BINANCE,FUTURES,XRPUSDT,BUY,1250,0.62314,0.15597544,USDT
2026-08-01T07:46:56Z,BYBIT,T00596,TRADER_A,TRADER_A_BYBIT,FUTURES,SOLUSDT,SELL,110,156.21,0.00619138,BNB
2026-08-01T19:31:38Z,BINANCE,T00428,TRADER_A,TRADER_A_BINANCE,FUTURES,ETHUSDT,SELL,0.75,3130.06,0.86752995,USDT
2026-08-01T01:41:14Z,BINANCE,T00695,TRADER_C,TRADER_C_BINANCE,FUTURES,SOLUSDT,SELL,25,156.228,0.00235520,BNB
2026-08-01T09:18:24Z,BINANCE,T00228,TRADER_A,TRADER_A_BINANCE,FUTURES,XRPUSDT,SELL,1250,0.62742,0.26285720,USDT
2026-08-01T15:27:55Z,BYBIT,T00252,TRADER_D,TRADER_D_BYBIT,FUTURES,XRPUSDT,BUY,1000,0.62553,0.20839080,USDT
2026-08-01T19:16:52Z,OKX,T00167,TRADER_C,TRADER_C_OKX,FUTURES,XRPUSDT,BUY,500,0.62752,0.08546406,USDT
2026-08-01T06:26:37Z,BYBIT,T00625,TRADER_A,TRADER_A_BYBIT,FUTURES,BTCUSDT,SELL,0.5,62431.62,8.13292658,USDT
2026-08-01T22:48:03Z,OKX,T00188,TRADER_B,TRADER_B_OKX,FUTURES,XRPUSDT,SELL,750,0.62344,0.18412366,USDT
2026-08-01T01:05:00Z,OKX,T00552,TRADER_C,TRADER_C_OKX,FUTURES,SOLUSDT,SELL,295,155.826,0.01916491,BNB
2026-08-01T14:28:38Z,BINANCE,T00171,TRADER_C,TRADER_C_BINANCE,FUTURES,SOLUSDT,BUY,30,155.692,1.23851673,USDT
2026-08-01T06:30:13Z,BYBIT,T00349,TRADER_A,TRADER_A_BYBIT,FUTURES,SOLUSDT,BUY,10,156.485,0.71953071,USDT
2026-08-01T20:27:19Z,BYBIT,T00378,TRADER_A,TRADER_A_BYBIT,FUTURES,BTCUSDT,BUY,0.125,63237.21,0.00488291,BNB
2026-08-01T02:09:35Z,OKX,T00149,TRADER_C,TRADER_C_OKX,FUTURES,XRPUSDT,BUY,500,0.6219,0.13457728,USDT
2026-08-01T01:27:53Z,BINANCE,T00017,TRADER_A,TRADER_A_BINANCE,FUTURES,BTCUSDT,SELL,0.5,62203.97,8.38503070,USDT
2026-08-01T04:36:36Z,BINANCE,T00177,TRADER_C,TRADER_C_BINANCE,FUTURES,SOLUSDT,BUY,30,156.708,0.00236177,BNB
2026-08-01T22:33:08Z,BINANCE,T00052,TRADER_C,TRADER_C_BINANCE,FUTURES,SOLUSDT,SELL,40,157.388,1.37067746,USDT
2026-08-01T03:57:05Z,BINANCE,T00487,TRADER_D,TRADER_D_BINANCE,FUTURES,XRPUSDT,SELL,1000,0.62104,0.14752596,USDT
2026-08-01T23:56:51Z,BINANCE,T00430,TRADER_D,TRADER_D_BINANCE,FUTURES,ETHUSDT,BUY,7.5,3131.96,11.61007846,USDT
2026-08-01T19:24:45Z,BINANCE,T00029,TRADER_D,TRADER_D_BINANCE,FUTURES,XRPUSDT,SELL,500,0.62818,0.11135661,USDT
2026-08-01T20:35:03Z,BINANCE,T00158,TRADER_A,TRADER_A_BINANCE,FUTURES,XRPUSDT,SELL,500,0.62469,0.15304474,USDT
2026-08-01T21:20:23Z,BYBIT,T00611,TRADER_B,TRADER_B_BYBIT,FUTURES,SOLUSDT,BUY,10,156.91,0.37641098,USDT
2026-08-01T21:22:50Z,BYBIT,T00561,TRADER_A,TRADER_A_BYBIT,FUTURES,BTCUSDT,SELL,0.0625,63421.81,1.18169163,USDT
2026-08-01T02:53:16Z,BYBIT,T00442,TRADER_A,TRADER_A_BYBIT,FUTURES,SOLUSDT,SELL,30,156.097,1.91118462,USDT
2026-08-01T01:48:32Z,BINANCE,T00687,TRADER_D,TRADER_D_BINANCE,FUTURES,ETHUSDT,SELL,0.75,3198.9,0.89626246,USDT
2026-08-01T02:03:25Z,BINANCE,T00361,TRADER_A,TRADER_A_BINANCE,FUTURES,BTCUSDT,BUY,0.0625,62297.07,1.41820079,USDT
2026-08-01T04:52:11Z,BYBIT,T00083,TRADER_B,TRADER_B_BYBIT,FUTURES,ETHUSDT,BUY,0.5,3196.95,0.00085010,BNB
2026-08-01T15:03:35Z,BINANCE,T00731,TRADER_A,TRADER_A_BINANCE,FUTURES,XRPUSDT,BUY,1500,0.62691,0.00036216,BNB
2026-08-01T05:28:15Z,BYBIT,T00555,TRADER_B,TRADER_B_BYBIT,FUTURES,ETHUSDT,BUY,0.5,3196.53,0.48190820,USDT
2026-08-01T11:29:19Z,BYBIT,T00214,TRADER_D,TRADER_D_BYBIT,FUTURES,XRPUSDT,BUY,250,0.626,0.05189911,USDT
2026-08-01T12:47:09Z,BYBIT,T00365,TRADER_D,TRADER_D_BYBIT,FUTURES,XRPUSDT,BUY,1000,0.6247,0.23510992,USDT
2026-08-01T01:39:57Z,BINANCE,T00330,TRADER_A,TRADER_A_BINANCE,FUTURES,ETHUSDT,SELL,0.75,3195.28,0.87421627,USDT
2026-08-01T06:33:18Z,BYBIT,T00027,TRADER_B,TRADER_B_BYBIT,FUTURES,ETHUSDT,BUY,0.25,3177.8,0.27175241,USDT
2026-08-01T08:03:02Z,BYBIT,T00104,TRADER_A,TRADER_A_BYBIT,FUTURES,BTCUSDT,SELL,0.0625,62764.77,1.38679326,USDT
2026-08-01T20:26:34Z,BINANCE,T00535,TRADER_D,TRADER_D_BINANCE,FUTURES,ETHUSDT,BUY,0.75,3133.01,0.49317079,USDT
2026-08-01T21:13:56Z,OKX,T00163,TRADER_B,TRADER_B_OKX,FUTURES,XRPUSDT,BUY,2000,0.62188,0.35996812,USDT
2026-08-01T14:06:31Z,BINANCE,T00672,TRADER_D,TRADER_D_BINANCE,FUTURES,XRPUSDT,BUY,750,0.62543,0.16363174,USDT
2026-08-01T01:41:10Z,BINANCE,T00298,TRADER_D,TRADER_D_BINANCE,FUTURES,ETHUSDT,SELL,0.5,3195.63,0.53157989,USDT
2026-08-01T00:41:39Z,OKX,T00488,TRADER_B,TRADER_B_OKX,FUTURES,ETHUSDT,SELL,1.25,3199.74,1.79736158,USDT
2026-08-01T19:07:21Z,BYBIT,T00383,TRADER_A,TRADER_A_BYBIT,FUTURES,SOLUSDT,SELL,5,157.472,0.27797395,USDT
2026-08-01T12:16:55Z,OKX,T00742,TRADER_C,TRADER_C_OKX,FUTURES,SOLUSDT,BUY,30,156.546,1.73940364,USDT
2026-08-01T04:34:37Z,OKX,T00141,TRADER_B,TRADER_B_OKX,FUTURES,ETHUSDT,BUY,0.5,3197.22,0.50221859,USDT
2026-08-01T11:19:29Z,BYBIT,T00493,TRADER_A,TRADER_A_BYBIT,FUTURES,SOLUSDT,SELL,20,155.898,1.24636927,USDT
2026-08-01T12:30:36Z,BINANCE,T00187,TRADER_D,TRADER_D_BINANCE,FUTURES,XRPUSDT,SELL,1500,0.62439,0.42845778,USDT
2026-08-01T00:41:15Z,OKX,T00082,TRADER_B,TRADER_B_OKX,FUTURES,XRPUSDT,SELL,500,0.61938,0.12574480,USDT
2026-08-01T12:55:14Z,BYBIT,T00078,TRADER_A,TRADER_A_BYBIT,FUTURES,SOLUSDT,BUY,40,156.629,1.52534038,USDT
2026-08-01T22:40:40Z,BYBIT,T00715,TRADER_A,TRADER_A_BYBIT,FUTURES,BTCUSDT,BUY,0.125,63934.36,0.00460782,BNB
2026-08-01T10:11:09Z,OKX,T00129,TRADER_C,TRADER_C_OKX,FUTURES,XRPUSDT,SELL,1500,0.62724,0.36034519,USDT
2026-08-01T19:18:21Z,BINANCE,T00280,TRADER_D,TRADER_D_BINANCE,FUTURES,ETHUSDT,SELL,0.5,3144.03,0.69213986,USDT
2026-08-01T22:32:31Z,BYBIT,T00537,TRADER_A,TRADER_A_BYBIT,FUTURES,SOLUSDT,SELL,5,157.176,0.26627644,USDT
2026-08-01T04:55:34Z,BINANCE,T00118,TRADER_A,TRADER_A_BINANCE,FUTURES,BTCUSDT,SELL,0.125,62350.02,2.18357001,USDT
2026-08-01T19:49:19Z,BYBIT,T00512,TRADER_A,TRADER_A_BYBIT,FUTURES,SOLUSDT,SELL,20,156.829,0.90488539,USDT
2026-08-01T10:50:04Z,OKX,T00681,TRADER_C,TRADER_C_OKX,FUTURES,SOLUSDT,SELL,40,156.283,0.00294503,BNB
2026-08-01T23:41:05Z,BYBIT,T00401,TRADER_A,TRADER_A_BYBIT,FUTURES,SOLUSDT,SELL,15,157.384,0.00087444,BNB
2026-08-01T16:31:22Z,BYBIT,T00071,TRADER_A,TRADER_A_BYBIT,FUTURES,SOLUSDT,BUY,5,157.115,0.36114419,USDT
2026-08-01T08:25:36Z,BYBIT,T00649,TRADER_D,TRADER_D_BYBIT,FUTURES,XRPUSDT,SELL,750,0.62932,0.23477607,USDT
2026-08-01T14:20:48Z,OKX,T00142,TRADER_B,TRADER_B_OKX,FUTURES,ETHUSDT,BUY,0.25,3166.24,0.24415520,USDT
2026-08-01T08:21:21Z,BINANCE,T00491,TRADER_A,TRADER_A_BINANCE,FUTURES,XRPUSDT,SELL,9250,0.6289,2.21757092,USDT
2026-08-01T04:38:32Z,BINANCE,T00422,TRADER_A,TRADER_A_BINANCE,FUTURES,XRPUSDT,BUY,1500,0.62211,0.40063557,USDT
2026-08-01T14:31:24Z,OKX,T00204,TRADER_C,TRADER_C_OKX,FUTURES,XRPUSDT,SELL,500,0.62543,0.14433140,USDT
2026-08-01T21:20:47Z,BINANCE,T00304,TRADER_D,TRADER_D_BINANCE,FUTURES,XRPUSDT,SELL,500,0.62288,0.08137188,USDT
2026-08-01T15:56:16Z,BINANCE,T00498,TRADER_C,TRADER_C_BINANCE,FUTURES,SOLUSDT,BUY,5,156.558,0.20159253,USDT
2026-08-01T06:32:41Z,OKX,T00374,TRADER_B,TRADER_B_OKX,FUTURES,XRPUSDT,BUY,250,0.62466,0.07330677,USDT
2026-08-01T20:32:17Z,BINANCE,T00384,TRADER_D,TRADER_D_BINANCE,FUTURES,XRPUSDT,SELL,500,0.62511,0.15314975,USDT
2026-08-01T14:33:45Z,BINANCE,T00337,TRADER_A,TRADER_A_BINANCE,FUTURES,BTCUSDT,BUY,0.0625,62828.26,1.86507683,USDT
2026-08-01T02:44:49Z,BYBIT,T00096,TRADER_A,TRADER_A_BYBIT,FUTURES,SOLUSDT,SELL,30,155.894,0.00175576,BNB
2026-08-01T19:21:10Z,BYBIT,T00431,TRADER_D,TRADER_D_BYBIT,FUTURES,XRPUSDT,BUY,500,0.62841,0.00009297,BNB
2026-08-01T19:21:18Z,OKX,T00462,TRADER_B,TRADER_B_OKX,FUTURES,ETHUSDT,BUY,0.75,3142.72,0.00070372,BNB
2026-08-01T03:49:50Z,BINANCE,T00425,TRADER_A,TRADER_A_BINANCE,FUTURES,BTCUSDT,BUY,1.4375,62051.74,19.27374603,USDT
2026-08-01T17:15:27Z,BINANCE,T00438,TRADER_D,TRADER_D_BINANCE,FUTURES,XRPUSDT,SELL,250,0.62547,0.06569379,USDT
2026-08-01T05:02:35Z,BINANCE,T00439,TRADER_A,TRADER_A_BINANCE,FUTURES,XRPUSDT,BUY,16750,0.61914,3.45175558,USDT
2026-08-01T22:20:32Z,BINANCE,T00266,TRADER_C,TRADER_C_BINANCE,FUTURES,SOLUSDT,BUY,65,157.856,0.00434450,BNB
2026-08-01T21:57:04Z,BINANCE,T00098,TRADER_C,TRADER_C_BINANCE,FUTURES,SOLUSDT,SELL,10,157.014,0.77590376,USDT
2026-08-01T04:11:18Z,OKX,T00121,TRADER_C,TRADER_C_OKX,FUTURES,XRPUSDT,BUY,500,0.62183,0.10235476,USDT
2026-08-01T07:55:59Z,OKX,T00585,TRADER_C,TRADER_C_OKX,FUTURES,BTCUSDT,BUY,2.1875,62540.82,46.04933359,USDT
2026-08-01T22:00:39Z,BINANCE,T00646,TRADER_D,TRADER_D_BINANCE,FUTURES,XRPUSDT,BUY,1000,0.62319,0.28488676,USDT
2026-08-01T15:20:14Z,OKX,T00571,TRADER_B,TRADER_B_OKX,FUTURES,ETHUSDT,SELL,0.5,3182.43,0.00062994,BNB
2026-08-01T08:15:19Z,BINANCE,T00170,TRADER_A,TRADER_A_BINANCE,FUTURES,ETHUSDT,SELL,0.5,3175.93,0.00060154,BNB
2026-08-01T11:52:16Z,BINANCE,T00157,TRADER_D,TRADER_D_BINANCE,FUTURES,XRPUSDT,BUY,500,0.62534,0.10023810,USDT
2026-08-01T12:10:16Z,BYBIT,T00709,TRADER_B,TRADER_B_BYBIT,FUTURES,SOLUSDT,BUY,5,156.559,0.17960178,USDT
2026-08-01T01:24:07Z,BYBIT,T00480,TRADER_A,TRADER_A_BYBIT,FUTURES,BTCUSDT,SELL,0.3125,62062.75,9.13947459,USDT
2026-08-01T03:46:56Z,BYBIT,T00016,TRADER_B,TRADER_B_BYBIT,FUTURES,ETHUSDT,SELL,1.5,3195.37,2.08498154,USDT
2026-08-01T18:55:08Z,BYBIT,T00233,TRADER_A,TRADER_A_BYBIT,FUTURES,BTCUSDT,SELL,0.375,63186.77,9.17105890,USDT
2026-08-01T20:51:21Z,BYBIT,T00713,TRADER_A,TRADER_A_BYBIT,FUTURES,BTCUSDT,BUY,0.125,63236.82,2.08011698,USDT
2026-08-01T14:19:35Z,OKX,T00734,TRADER_C,TRADER_C_OKX,FUTURES,BTCUSDT,SELL,0.8125,63040.44,0.01312958,BNB
2026-08-01T14:23:46Z,OKX,T00567,TRADER_B,TRADER_B_OKX,FUTURES,XRPUSDT,SELL,2000,0.62585,0.34903122,USDT
2026-08-01T15:03:35Z,BINANCE,T00731,TRADER_A,TRADER_A_BINANCE,FUTURES,XRPUSDT,BUY,1500,0.62691,0.00036216,BNB
2026-08-01T11:41:55Z,BINANCE,T00227,TRADER_A,TRADER_A_BINANCE,FUTURES,BTCUSDT,SELL,0.0625,62544.58,0.00133498,BNB
2026-08-01T11:03:40Z,BINANCE,T00201,TRADER_D,TRADER_D_BINANCE,FUTURES,XRPUSDT,SELL,1500,0.62623,0.00030031,BNB
2026-08-01T12:54:24Z,BYBIT,T00269,TRADER_A,TRADER_A_BYBIT,FUTURES,BTCUSDT,BUY,0.0625,62725.7,0.82348596,USDT
2026-08-01T18:05:17Z,BYBIT,T00338,TRADER_B,TRADER_B_BYBIT,FUTURES,SOLUSDT,BUY,40,157.734,2.76790660,USDT
2026-08-01T08:41:46Z,BYBIT,T00436,TRADER_D,TRADER_D_BYBIT,FUTURES,XRPUSDT,SELL,1500,0.63049,0.00034451,BNB
2026-08-01T18:31:53Z,BINANCE,T00191,TRADER_A,TRADER_A_BINANCE,FUTURES,BTCUSDT,BUY,0.375,63190.97,8.06506589,USDT
2026-08-01T08:50:05Z,OKX,T00025,TRADER_C,TRADER_C_OKX,FUTURES,BTCUSDT,BUY,0.1875,62587.89,3.83984119,USDT
2026-08-01T23:13:21Z,BINANCE,T00316,TRADER_D,TRADER_D_BINANCE,FUTURES,XRPUSDT,SELL,250,0.62128,0.06961327,USDT
2026-08-01T17:51:02Z,OKX,T00534,TRADER_C,TRADER_C_OKX,FUTURES,XRPUSDT,SELL,2000,0.62411,0.55453094,USDT
2026-08-01T19:06:57Z,OKX,T00237,TRADER_B,TRADER_B_OKX,FUTURES,ETHUSDT,SELL,2,3144.21,2.53776362,USDT
2026-08-01T00:49:03Z,BINANCE,T00184,TRADER_A,TRADER_A_BINANCE,FUTURES,ETHUSDT,SELL,0.5,3196.94,0.63315328,USDT
2026-08-01T14:53:31Z,OKX,T00268,TRADER_C,TRADER_C_OKX,FUTURES,XRPUSDT,BUY,250,0.62537,0.03544802,USDT
2026-08-01T04:30:16Z,BYBIT,T00525,TRADER_D,TRADER_D_BYBIT,FUTURES,XRPUSDT,SELL,1000,0.62149,0.22663340,USDT
2026-08-01T00:51:56Z,BINANCE,T00144,TRADER_A,TRADER_A_BINANCE,FUTURES,BTCUSDT,SELL,0.9375,62244.73,12.32542395,USDT
2026-08-01T07:42:34Z,BYBIT,T00217,TRADER_A,TRADER_A_BYBIT,FUTURES,BTCUSDT,SELL,0.4375,62604.14,10.90840565,USDT
2026-08-01T09:55:33Z,BYBIT,T00418,TRADER_A,TRADER_A_BYBIT,FUTURES,BTCUSDT,SELL,0.0625,62739.67,1.35510991,USDT
2026-08-01T21:35:56Z,BYBIT,T00581,TRADER_A,TRADER_A_BYBIT,FUTURES,BTCUSDT,SELL,0.5,63598.08,9.24347532,USDT
2026-08-01T11:44:55Z,OKX,T00577,TRADER_C,TRADER_C_OKX,FUTURES,SOLUSDT,SELL,5,156.074,0.23208650,USDT
2026-08-01T22:15:38Z,BYBIT,T00499,TRADER_D,TRADER_D_BYBIT,FUTURES,XRPUSDT,BUY,750,0.62309,0.17258222,USDT
2026-08-01T16:39:06Z,BINANCE,T00293,TRADER_A,TRADER_A_BINANCE,FUTURES,ETHUSDT,SELL,0.5,3165.82,0.54551075,USDT
2026-08-01T08:13:30Z,BINANCE,T00743,TRADER_A,TRADER_A_BINANCE,FUTURES,ETHUSDT,BUY,3.25,3177.67,4.28087869,USDT
2026-08-01T02:52:00Z,BINANCE,T00541,TRADER_C,TRADER_C_BINANCE,FUTURES,SOLUSDT,SELL,145,156.167,0.00713281,BNB
2026-08-01T09:41:22Z,BYBIT,T00215,TRADER_D,TRADER_D_BYBIT,FUTURES,XRPUSDT,BUY,2500,0.62617,0.46415966,USDT
2026-08-01T14:32:36Z,BINANCE,T00079,TRADER_A,TRADER_A_BINANCE,FUTURES,ETHUSDT,BUY,2,3171.41,2.52769017,USDT
2026-08-01T05:15:29Z,BINANCE,T00473,TRADER_D,TRADER_D_BINANCE,FUTURES,XRPUSDT,SELL,2000,0.62049,0.42453297,USDT
2026-08-01T04:42:06Z,BINANCE,T00251,TRADER_D,TRADER_D_BINANCE,FUTURES,XRPUSDT,BUY,750,0.62224,0.15191030,USDT
2026-08-01T06:23:08Z,OKX,T00460,TRADER_C,TRADER_C_OKX,FUTURES,XRPUSDT,SELL,1000,0.62335,0.20743666,USDT
2026-08-01T15:37:44Z,BINANCE,T00286,TRADER_A,TRADER_A_BINANCE,FUTURES,ETHUSDT,SELL,0.5,3169.08,0.52299454,USDT
2026-08-01T20:21:11Z,OKX,T00115,TRADER_C,TRADER_C_OKX,FUTURES,XRPUSDT,SELL,2000,0.62564,0.00035920,BNB
2026-08-01T17:24:10Z,BINANCE,T00592,TRADER_C,TRADER_C_BINANCE,FUTURES,SOLUSDT,SELL,25,156.98,1.08920379,USDT
2026-08-01T20:04:15Z,BINANCE,T00437,TRADER_D,TRADER_D_BINANCE,FUTURES,XRPUSDT,SELL,250,0.62552,0.07235164,USDT
2026-08-01T10:05:03Z,BYBIT,T00628,TRADER_D,TRADER_D_BYBIT,FUTURES,XRPUSDT,BUY,750,0.62848,0.23380294,USDT
2026-08-01T07:03:25Z,BYBIT,T00054,TRADER_B,TRADER_B_BYBIT,FUTURES,ETHUSDT,SELL,0.25,3175.57,0.31715540,USDT
2026-08-01T08:30:59Z,BYBIT,T00229,TRADER_A,TRADER_A_BYBIT,FUTURES,BTCUSDT,SELL,0.0625,62495.83,0.00243135,BNB
2026-08-01T15:51:20Z,BYBIT,T00508,TRADER_A,TRADER_A_BYBIT,FUTURES,BTCUSDT,BUY,0.375,63063.05,10.53455406,USDT
2026-08-01T11:29:15Z,OKX,T00732,TRADER_C,TRADER_C_OKX,FUTURES,BTCUSDT,SELL,0.3125,62564.88,0.00666054,BNB
2026-08-01T10:59:26Z,BINANCE,T00086,TRADER_A,TRADER_A_BINANCE,FUTURES,ETHUSDT,BUY,0.25,3187.93,0.17089176,USDT
2026-08-01T17:40:12Z,BYBIT,T00706,TRADER_A,TRADER_A_BYBIT,FUTURES,SOLUSDT,BUY,25,157.481,1.36701020,USDT
2026-08-01T07:27:24Z,OKX,T00155,TRADER_C,TRADER_C_OKX,FUTURES,SOLUSDT,SELL,30,156.515,1.21834846,USDT
2026-08-01T11:37:35Z,BYBIT,T00311,TRADER_B,TRADER_B_BYBIT,FUTURES,SOLUSDT,SELL,10,156.146,0.67398636,USDT
2026-08-01T18:59:07Z,BYBIT,T00467,TRADER_B,TRADER_B_BYBIT,FUTURES,SOLUSDT,SELL,40,157.556,1.50618661,USDT
2026-08-01T05:25:22Z,BYBIT,T00472,TRADER_B,TRADER_B_BYBIT,FUTURES,SOLUSDT,SELL,10,156.45,0.38091683,USDT
2026-08-01T22:07:44Z,OKX,T00347,TRADER_B,TRADER_B_OKX,FUTURES,XRPUSDT,BUY,500,0.62407,0.07470115,USDT
2026-08-01T18:04:10Z,BYBIT,T00302,TRADER_D,TRADER_D_BYBIT,FUTURES,XRPUSDT,BUY,1500,0.6246,0.40548298,USDT
2026-08-01T10:48:43Z,OKX,T00701,TRADER_C,TRADER_C_OKX,FUTURES,XRPUSDT,BUY,2000,0.62539,0.36361054,USDT
2026-08-01T21:19:17Z,OKX,T00587,TRADER_C,TRADER_C_OKX,FUTURES,BTCUSDT,SELL,0.125,63467.73,2.45579278,USDT
2026-08-01T19:55:24Z,BINANCE,T00676,TRADER_D,TRADER_D_BINANCE,FUTURES,XRPUSDT,BUY,250,0.62694,0.07262636,USDT
2026-08-01T01:45:45Z,BYBIT,T00629,TRADER_A,TRADER_A_BYBIT,FUTURES,BTCUSDT,BUY,2.0625,62396.91,47.03026994,USDT
2026-08-01T20:13:19Z,BINANCE,T00127,TRADER_A,TRADER_A_BINANCE,FUTURES,ETHUSDT,BUY,0.75,3131.99,0.74439667,USDT
2026-08-01T11:29:00Z,BYBIT,T00747,TRADER_A,TRADER_A_BYBIT,FUTURES,SOLUSDT,SELL,10,155.816,0.42208536,USDT
2026-08-01T19:33:05Z,BINANCE,T00644,TRADER_A,TRADER_A_BINANCE,FUTURES,XRPUSDT,SELL,1250,0.62792,0.18953539,USDT
2026-08-01T23:25:04Z,OKX,T00343,TRADER_C,TRADER_C_OKX,FUTURES,XRPUSDT,SELL,250,0.62165,0.05357647,USDT
2026-08-01T23:28:29Z,BYBIT,T00390,TRADER_D,TRADER_D_BYBIT,FUTURES,XRPUSDT,BUY,750,0.62172,0.00022707,BNB
2026-08-01T17:15:57Z,BINANCE,T00637,TRADER_D,TRADER_D_BINANCE,FUTURES,ETHUSDT,SELL,1,3161.33,1.35356058,USDT
2026-08-01T14:57:36Z,OKX,T00648,TRADER_C,TRADER_C_OKX,FUTURES,SOLUSDT,SELL,10,155.966,0.56057943,USDT
2026-08-01T07:24:36Z,BYBIT,T00576,TRADER_B,TRADER_B_BYBIT,FUTURES,ETHUSDT,SELL,1,3175.09,0.80358344,USDT
2026-08-01T04:04:52Z,BYBIT,T00575,TRADER_D,TRADER_D_BYBIT,FUTURES,XRPUSDT,BUY,500,0.62111,0.00014742,BNB
2026-08-01T14:28:02Z,OKX,T00712,TRADER_B,TRADER_B_OKX,FUTURES,XRPUSDT,BUY,3500,0.62523,0.65835913,USDT
2026-08-01T21:09:26Z,BINANCE,T00520,TRADER_C,TRADER_C_BINANCE,FUTURES,SOLUSDT,BUY,15,156.741,0.00084389,BNB
2026-08-01T14:07:45Z,OKX,T00024,TRADER_C,TRADER_C_OKX,FUTURES,SOLUSDT,SELL,25,155.545,1.57094582,USDT
2026-08-01T17:26:37Z,BYBIT,T00455,TRADER_A,TRADER_A_BYBIT,FUTURES,SOLUSDT,SELL,25,156.872,0.87112527,USDT
2026-08-01T01:23:52Z,OKX,T00117,TRADER_B,TRADER_B_OKX,FUTURES,XRPUSDT,BUY,20000,0.62255,5.69813135,USDT
2026-08-01T21:27:54Z,BINANCE,T00224,TRADER_A,TRADER_A_BINANCE,FUTURES,ETHUSDT,SELL,1.25,3135.66,1.04319201,USDT
2026-08-01T09:28:42Z,OKX,T00334,TRADER_C,TRADER_C_OKX,FUTURES,SOLUSDT,BUY,30,155.451,0.00288479,BNB
2026-08-01T07:27:48Z,BINANCE,T00435,TRADER_C,TRADER_C_BINANCE,FUTURES,SOLUSDT,BUY,10,156.285,0.58671302,USDT
2026-08-01T14:51:19Z,BINANCE,T00274,TRADER_D,TRADER_D_BINANCE,FUTURES,ETHUSDT,BUY,0.75,3171.19,0.94311610,USDT
2026-08-01T02:40:07Z,BYBIT,T00507,TRADER_A,TRADER_A_BYBIT,FUTURES,SOLUSDT,BUY,5,155.995,0.24057525,USDT
2026-08-01T21:25:28Z,OKX,T00261,TRADER_C,TRADER_C_OKX,FUTURES,SOLUSDT,SELL,130,156.77,4.86977334,USDT
2026-08-01T18:45:49Z,OKX,T00599,TRADER_C,TRADER_C_OKX,FUTURES,SOLUSDT,BUY,135,157.368,10.21526607,USDT
2026-08-01T02:06:07Z,BYBIT,T00689,TRADER_B,TRADER_B_BYBIT,FUTURES,SOLUSDT,SELL,20,155.863,0.00120059,BNB
2026-08-01T10:42:21Z,OKX,T00218,TRADER_C,TRADER_C_OKX,FUTURES,XRPUSDT,SELL,500,0.62585,0.14829785,USDT
2026-08-01T23:35:49Z,BINANCE,T00353,TRADER_A,TRADER_A_BINANCE,FUTURES,ETHUSDT,BUY,0.25,3134.89,0.36671686,USDT
2026-08-01T07:41:03Z,BINANCE,T00682,TRADER_A,TRADER_A_BINANCE,FUTURES,ETHUSDT,SELL,0.75,3179.59,0.78714675,USDT
2026-08-01T00:49:23Z,OKX,T00466,TRADER_B,TRADER_B_OKX,FUTURES,XRPUSDT,SELL,500,0.62001,0.09930038,USDT
2026-08-01T13:25:42Z,OKX,T00257,TRADER_B,TRADER_B_OKX,FUTURES,XRPUSDT,BUY,250,0.6221,0.04418121,USDT
2026-08-01T21:11:44Z,OKX,T00322,TRADER_C,TRADER_C_OKX,FUTURES,XRPUSDT,SELL,250,0.622,0.06494451,USDT
2026-08-01T21:37:30Z,BINANCE,T00123,TRADER_A,TRADER_A_BINANCE,FUTURES,ETHUSDT,SELL,0.25,3119.95,0.31257489,USDT
2026-08-01T15:59:07Z,BINANCE,T00308,TRADER_D,TRADER_D_BINANCE,FUTURES,ETHUSDT,BUY,0.5,3167.97,0.00095068,BNB
2026-08-01T10:10:16Z,BYBIT,T00209,TRADER_A,TRADER_A_BYBIT,FUTURES,SOLUSDT,BUY,25,156.045,0.00222001,BNB
2026-08-01T06:25:20Z,BYBIT,T00315,TRADER_B,TRADER_B_BYBIT,FUTURES,ETHUSDT,BUY,0.5,3186.06,0.60801098,USDT
2026-08-01T19:16:30Z,OKX,T00509,TRADER_B,TRADER_B_OKX,FUTURES,ETHUSDT,SELL,0.75,3139.57,0.00142432,BNB
2026-08-01T06:11:17Z,OKX,T00612,TRADER_B,TRADER_B_OKX,FUTURES,ETHUSDT,SELL,0.5,3182.13,0.60224664,USDT
2026-08-01T06:20:57Z,BINANCE,T00221,TRADER_C,TRADER_C_BINANCE,FUTURES,SOLUSDT,BUY,40,156.682,2.78478613,USDT
2026-08-01T09:17:09Z,BYBIT,T00416,TRADER_A,TRADER_A_BYBIT,FUTURES,BTCUSDT,BUY,0.0625,62696.91,1.46288230,USDT
2026-08-01T12:00:00Z,BYBIT,T00728,TRADER_B,TRADER_B_BYBIT,FUTURES,ETHUSDT,BUY,0.5,3179.1,0.00059356,BNB
2026-08-01T22:24:08Z,OKX,T00067,TRADER_C,TRADER_C_OKX,FUTURES,XRPUSDT,SELL,1500,0.6235,0.42154107,USDT
2026-08-01T18:18:31Z,BINANCE,T00031,TRADER_C,TRADER_C_BINANCE,FUTURES,SOLUSDT,SELL,20,157.881,0.97097242,USDT
2026-08-01T04:54:41Z,BINANCE,T00409,TRADER_A,TRADER_A_BINANCE,FUTURES,BTCUSDT,BUY,0.5,62260.43,0.01856091,BNB
2026-08-01T19:51:33Z,BYBIT,T00504,TRADER_A,TRADER_A_BYBIT,FUTURES,SOLUSDT,BUY,5,156.781,0.26394340,USDT
2026-08-01T00:36:50Z,BINANCE,T00500,TRADER_A,TRADER_A_BINANCE,FUTURES,BTCUSDT,SELL,0.125,62298.81,3.33785782,USDT
2026-08-01T04:18:22Z,OKX,T00405,TRADER_C,TRADER_C_OKX,FUTURES,XRPUSDT,SELL,750,0.6207,0.17633091,USDT
2026-08-01T09:20:11Z,BINANCE,T00448,TRADER_C,TRADER_C_BINANCE,FUTURES,SOLUSDT,SELL,5,155.566,0.00023069,BNB
2026-08-01T01:45:24Z,BINANCE,T00568,TRADER_D,TRADER_D_BINANCE,FUTURES,ETHUSDT,SELL,0.25,3196.04,0.21594654,USDT
2026-08-01T04:19:38Z,OKX,T00303,TRADER_B,TRADER_B_OKX,FUTURES,XRPUSDT,BUY,2000,0.62187,0.56042875,USDT
2026-08-01T22:21:01Z,BYBIT,T00183,TRADER_D,TRADER_D_BYBIT,FUTURES,XRPUSDT,SELL,500,0.6227,0.08210421,USDT
2026-08-01T00:53:47Z,BYBIT,T00090,TRADER_A,TRADER_A_BYBIT,FUTURES,BTCUSDT,SELL,0.0625,62295.52,1.31911732,USDT
2026-08-01T10:31:30Z,OKX,T00208,TRADER_C,TRADER_C_OKX,FUTURES,BTCUSDT,BUY,0.0625,62553.46,1.42982985,USDT
2026-08-01T13:21:31Z,OKX,T00296,TRADER_C,TRADER_C_OKX,FUTURES,XRPUSDT,BUY,2000,0.62193,0.54665617,USDT
2026-08-01T04:30:00Z,OKX,T00162,TRADER_B,TRADER_B_OKX,FUTURES,ETHUSDT,SELL,0.5,3192.63,0.71884067,USDT
2026-08-01T18:55:54Z,BYBIT,T00288,TRADER_A,TRADER_A_BYBIT,FUTURES,SOLUSDT,BUY,10,157.412,0.53174553,USDT
2026-08-01T21:38:09Z,BINANCE,T00744,TRADER_A,TRADER_A_BINANCE,FUTURES,XRPUSDT,SELL,2000,0.6236,0.48776658,USDT
2026-08-01T04:33:39Z,OKX,T00560,TRADER_C,TRADER_C_OKX,FUTURES,SOLUSDT,SELL,20,156.382,1.50456538,USDT
2026-08-01T03:35:03Z,BYBIT,T00517,TRADER_D,TRADER_D_BYBIT,FUTURES,XRPUSDT,SELL,2250,0.62134,0.40719379,USDT
2026-08-01T03:41:54Z,BINANCE,T00301,TRADER_C,TRADER_C_BINANCE,FUTURES,SOLUSDT,BUY,25,156.075,0.84693531,USDT
2026-08-01T04:09:38Z,OKX,T00548,TRADER_B,TRADER_B_OKX,FUTURES,ETHUSDT,BUY,0.25,3204.03,0.33599059,USDT
2026-08-01T02:50:03Z,BYBIT,T00387,TRADER_D,TRADER_D_BYBIT,FUTURES,XRPUSDT,SELL,750,0.62003,0.21215531,USDT
2026-08-01T18:18:58Z,BINANCE,T00140,TRADER_A,TRADER_A_BINANCE,FUTURES,BTCUSDT,SELL,0.375,63300.1,11.79601207,USDT
2026-08-01T13:19:39Z,BINANCE,T00737,TRADER_D,TRADER_D_BINANCE,FUTURES,ETHUSDT,BUY,1.25,3168.35,1.20570155,USDT
2026-08-01T04:35:39Z,BINANCE,T00164,TRADER_A,TRADER_A_BINANCE,FUTURES,XRPUSDT,SELL,15750,0.62216,3.90030296,USDT
2026-08-01T10:48:47Z,OKX,T00106,TRADER_C,TRADER_C_OKX,FUTURES,SOLUSDT,SELL,5,156.319,0.34546143,USDT
2026-08-01T17:14:25Z,OKX,T00408,TRADER_B,TRADER_B_OKX,FUTURES,ETHUSDT,SELL,0.75,3161.17,0.84583353,USDT
2026-08-01T07:16:53Z,BYBIT,T00691,TRADER_D,TRADER_D_BYBIT,FUTURES,XRPUSDT,SELL,1500,0.62604,0.21191881,USDT
2026-08-01T18:21:41Z,BYBIT,T00745,TRADER_B,TRADER_B_BYBIT,FUTURES,ETHUSDT,SELL,1,3152.61,1.10074205,USDT
2026-08-01T17:34:36Z,OKX,T00688,TRADER_C,TRADER_C_OKX,FUTURES,SOLUSDT,BUY,30,157.541,1.40249637,USDT
2026-08-01T07:00:04Z,BYBIT,T00283,TRADER_A,TRADER_A_BYBIT,FUTURES,BTCUSDT,BUY,0.375,62730.95,6.85774213,USDT
2026-08-01T02:04:34Z,BYBIT,T00198,TRADER_B,TRADER_B_BYBIT,FUTURES,ETHUSDT,SELL,1,3194.66,0.75318828,USDT
2026-08-01T21:41:12Z,BYBIT,T00643,TRADER_A,TRADER_A_BYBIT,FUTURES,SOLUSDT,BUY,25,157.038,1.91130452,USDT
2026-08-01T06:56:50Z,BINANCE,T00050,TRADER_A,TRADER_A_BINANCE,FUTURES,XRPUSDT,SELL,750,0.62496,0.16631435,USDT
2026-08-01T22:21:50Z,BINANCE,T00653,TRADER_A,TRADER_A_BINANCE,FUTURES,ETHUSDT,BUY,1,3129.94,1.25263448,USDT
2026-08-01T16:47:27Z,OKX,T00502,TRADER_B,TRADER_B_OKX,FUTURES,XRPUSDT,BUY,3250,0.62671,0.74724812,USDT
2026-08-01T00:57:18Z,BINANCE,T00028,TRADER_A,TRADER_A_BINANCE,FUTURES,ETHUSDT,BUY,0.5,3198.04,0.33507697,USDT
2026-08-01T05:39:12Z,BINANCE,T00613,TRADER_A,TRADER_A_BINANCE,FUTURES,BTCUSDT,SELL,0.0625,62635.69,0.00125130,BNB
2026-08-01T19:39:41Z,BYBIT,T00654,TRADER_D,TRADER_D_BYBIT,FUTURES,XRPUSDT,SELL,1500,0.62786,0.43023929,USDT
2026-08-01T23:01:12Z,BYBIT,T00108,TRADER_D,TRADER_D_BYBIT,FUTURES,XRPUSDT,BUY,1000,0.62201,0.12772754,USDT
2026-08-01T01:13:50Z,OKX,T00464,TRADER_B,TRADER_B_OKX,FUTURES,XRPUSDT,SELL,500,0.62319,0.06938510,USDT
2026-08-01T08:22:50Z,BINANCE,T00696,TRADER_A,TRADER_A_BINANCE,FUTURES,BTCUSDT,BUY,0.5,62631.05,7.18367186,USDT
2026-08-01T13:26:30Z,OKX,T00634,TRADER_C,TRADER_C_OKX,FUTURES,SOLUSDT,BUY,10,156.683,0.38323405,USDT
2026-08-01T09:20:28Z,OKX,T00707,TRADER_B,TRADER_B_OKX,FUTURES,XRPUSDT,SELL,1000,0.62798,0.17525937,USDT
2026-08-01T05:19:06Z,OKX,T00239,TRADER_B,TRADER_B_OKX,FUTURES,XRPUSDT,SELL,500,0.62041,0.14093517,USDT
2026-08-01T02:45:22Z,BINANCE,T00133,TRADER_A,TRADER_A_BINANCE,FUTURES,ETHUSDT,SELL,1.5,3206.06,2.07027044,USDT
2026-08-01T17:22:18Z,BYBIT,T00132,TRADER_B,TRADER_B_BYBIT,FUTURES,ETHUSDT,BUY,2,3159.5,2.39889720,USDT
2026-08-01T14:02:58Z,BINANCE,T00415,TRADER_A,TRADER_A_BINANCE,FUTURES,XRPUSDT,BUY,2000,0.62586,0.39815908,USDT
2026-08-01T16:07:47Z,BYBIT,T00175,TRADER_B,TRADER_B_BYBIT,FUTURES,ETHUSDT,BUY,2,3160.3,2.33532405,USDT
2026-08-01T22:30:06Z,BYBIT,T00610,TRADER_D,TRADER_D_BYBIT,FUTURES,XRPUSDT,BUY,1500,0.62325,0.35199459,USDT
2026-08-01T09:24:05Z,BINANCE,T00367,TRADER_D,TRADER_D_BINANCE,FUTURES,ETHUSDT,SELL,1,3184.29,1.41553789,USDT
2026-08-01T22:25:20Z,BYBIT,T00414,TRADER_D,TRADER_D_BYBIT,FUTURES,XRPUSDT,SELL,500,0.62395,0.09279770,USDT
2026-08-01T01:27:14Z,OKX,T00566,TRADER_C,TRADER_C_OKX,FUTURES,SOLUSDT,BUY,5,155.569,0.00030002,BNB
2026-08-01T15:44:41Z,OKX,T00381,TRADER_C,TRADER_C_OKX,FUTURES,XRPUSDT,BUY,500,0.62804,0.00008743,BNB
2026-08-01T19:16:00Z,BYBIT,T00729,TRADER_B,TRADER_B_BYBIT,FUTURES,ETHUSDT,SELL,1.25,3139.05,1.83866803,USDT
2026-08-01T07:31:04Z,OKX,T00733,TRADER_C,TRADER_C_OKX,FUTURES,SOLUSDT,SELL,10,156.09,0.54896222,USDT
2026-08-01T02:03:05Z,BYBIT,T00600,TRADER_D,TRADER_D_BYBIT,FUTURES,XRPUSDT,BUY,3500,0.62179,0.90552413,USDT
2026-08-01T20:49:02Z,OKX,T00710,TRADER_C,TRADER_C_OKX,FUTURES,XRPUSDT,SELL,250,0.62462,0.00004077,BNB
2026-08-01T04:59:52Z,BYBIT,T00522,TRADER_A,TRADER_A_BYBIT,FUTURES,SOLUSDT,SELL,125,156.368,7.61663432,USDT
2026-08-01T02:37:05Z,BINANCE,T00057,TRADER_A,TRADER_A_BINANCE,FUTURES,ETHUSDT,BUY,0.75,3200.68,0.99967334,USDT
2026-08-01T11:10:35Z,BYBIT,T00479,TRADER_B,TRADER_B_BYBIT,FUTURES,ETHUSDT,BUY,0.5,3181.59,0.41175302,USDT
2026-08-01T07:06:36Z,BYBIT,T00053,TRADER_A,TRADER_A_BYBIT,FUTURES,BTCUSDT,SELL,0.5,62698.03,13.51752764,USDT
2026-08-01T15:03:26Z,BYBIT,T00242,TRADER_B,TRADER_B_BYBIT,FUTURES,ETHUSDT,BUY,0.5,3176.93,0.49668133,USDT
2026-08-01T10:30:45Z,OKX,T00372,TRADER_B,TRADER_B_OKX,FUTURES,ETHUSDT,SELL,0.5,3185.43,0.56086682,USDT
2026-08-01T04:37:48Z,BINANCE,T00314,TRADER_A,TRADER_A_BINANCE,FUTURES,XRPUSDT,SELL,1500,0.62152,0.00029078,BNB
2026-08-01T06:32:35Z,BYBIT,T00440,TRADER_A,TRADER_A_BYBIT,FUTURES,SOLUSDT,BUY,110,156.175,4.69864048,USDT
2026-08-01T19:49:08Z,OKX,T00369,TRADER_C,TRADER_C_OKX,FUTURES,SOLUSDT,BUY,30,156.978,0.96456588,USDT
2026-08-01T23:54:53Z,BINANCE,T00550,TRADER_D,TRADER_D_BINANCE,FUTURES,XRPUSDT,SELL,750,0.62383,0.16200240,USDT
2026-08-01T10:53:32Z,BINANCE,T00094,TRADER_D,TRADER_D_BINANCE,FUTURES,XRPUSDT,SELL,2000,0.62546,0.59444746,USDT
2026-08-01T10:23:57Z,OKX,T00126,TRADER_C,TRADER_C_OKX,FUTURES,SOLUSDT,SELL,20,156.097,1.07801957,USDT
2026-08-01T15:12:45Z,BYBIT,T00238,TRADER_D,TRADER_D_BYBIT,FUTURES,XRPUSDT,SELL,1500,0.62663,0.00044499,BNB
2026-08-01T05:32:19Z,OKX,T00033,TRADER_C,TRADER_C_OKX,FUTURES,SOLUSDT,BUY,10,156.675,0.61914217,USDT
2026-08-01T21:30:55Z,BYBIT,T00323,TRADER_A,TRADER_A_BYBIT,FUTURES,SOLUSDT,SELL,20,157.121,1.01163487,USDT
2026-08-01T06:05:17Z,BYBIT,T00489,TRADER_B,TRADER_B_BYBIT,FUTURES,ETHUSDT,SELL,1.5,3181.16,1.54919725,USDT
2026-08-01T13:52:11Z,BINANCE,T00594,TRADER_D,TRADER_D_BINANCE,FUTURES,ETHUSDT,BUY,0.25,3174.1,0.25507090,USDT
2026-08-01T03:10:15Z,OKX,T00540,TRADER_C,TRADER_C_OKX,FUTURES,BTCUSDT,SELL,0.125,61968.92,2.35293515,USDT
2026-08-01T23:25:41Z,OKX,T00735,TRADER_C,TRADER_C_OKX,FUTURES,SOLUSDT,SELL,5,157.534,0.32252459,USDT
2026-08-01T14:27:21Z,BINANCE,T00014,TRADER_D,TRADER_D_BINANCE,FUTURES,ETHUSDT,BUY,1.5,3166.65,0.00161703,BNB
2026-08-01T19:05:41Z,BYBIT,T00465,TRADER_B,TRADER_B_BYBIT,FUTURES,ETHUSDT,BUY,0.25,3146.13,0.17485539,USDT
2026-08-01T14:33:40Z,OKX,T00047,TRADER_B,TRADER_B_OKX,FUTURES,ETHUSDT,SELL,1,3175.71,0.67668042,USDT
2026-08-01T22:02:38Z,BINANCE,T00412,TRADER_A,TRADER_A_BINANCE,FUTURES,XRPUSDT,BUY,500,0.62289,0.14551718,USDT
2026-08-01T23:13:42Z,BYBIT,T00339,TRADER_B,TRADER_B_BYBIT,FUTURES,ETHUSDT,BUY,1,3129.84,1.55016235,USDT
2026-08-01T06:33:17Z,BINANCE,T00297,TRADER_A,TRADER_A_BINANCE,FUTURES,ETHUSDT,SELL,0.25,3175.61,0.18824151,USDT
2026-08-01T13:34:56Z,BINANCE,T00450,TRADER_D,TRADER_D_BINANCE,FUTURES,ETHUSDT,SELL,0.5,3172.72,0.76028551,USDT
2026-08-01T20:23:03Z,BYBIT,T00391,TRADER_A,TRADER_A_BYBIT,FUTURES,BTCUSDT,BUY,0.25,63305.02,4.62563493,USDT
2026-08-01T00:39:56Z,BINANCE,T00527,TRADER_A,TRADER_A_BINANCE,FUTURES,XRPUSDT,BUY,9750,0.61989,2.67548515,USDT
2026-08-01T13:07:31Z,BINANCE,T00441,TRADER_A,TRADER_A_BINANCE,FUTURES,ETHUSDT,BUY,0.25,3170.87,0.26762889,USDT
2026-08-01T09:24:28Z,BYBIT,T00084,TRADER_B,TRADER_B_BYBIT,FUTURES,ETHUSDT,BUY,1.5,3184.59,2.29652214,USDT
2026-08-01T21:23:54Z,BYBIT,T00087,TRADER_B,TRADER_B_BYBIT,FUTURES,ETHUSDT,SELL,1,3136.12,1.17643681,USDT
2026-08-01T04:04:57Z,OKX,T00569,TRADER_B,TRADER_B_OKX,FUTURES,ETHUSDT,BUY,1.5,3210.13,2.31738101,USDT
2026-08-01T02:51:16Z,BYBIT,T00719,TRADER_A,TRADER_A_BYBIT,FUTURES,SOLUSDT,BUY,60,155.923,2.25009827,USDT
2026-08-01T15:15:30Z,BINANCE,T00746,TRADER_D,TRADER_D_BINANCE,FUTURES,ETHUSDT,SELL,0.25,3180.33,0.21201882,USDT
2026-08-01T17:10:29Z,BYBIT,T00275,TRADER_A,TRADER_A_BYBIT,FUTURES,SOLUSDT,BUY,5,157.05,0.23370914,USDT
2026-08-01T07:21:07Z,BINANCE,T00457,TRADER_A,TRADER_A_BINANCE,FUTURES,XRPUSDT,BUY,250,0.62636,0.05999685,USDT
2026-08-01T20:53:30Z,BYBIT,T00075,TRADER_A,TRADER_A_BYBIT,FUTURES,BTCUSDT,SELL,0.125,63170.98,1.58079551,USDT
2026-08-01T11:47:17Z,BYBIT,T00273,TRADER_B,TRADER_B_BYBIT,FUTURES,ETHUSDT,SELL,0.75,3178.53,0.98382965,USDT
2026-08-01T07:12:15Z,OKX,T00195,TRADER_C,TRADER_C_OKX,FUTURES,BTCUSDT,BUY,0.125,62725.97,2.07401399,USDT
2026-08-01T04:02:23Z,OKX,T00389,TRADER_C,TRADER_C_OKX,FUTURES,BTCUSDT,SELL,0.0625,62118.6,0.00108536,BNB
2026-08-01T20:21:53Z,BYBIT,T00399,TRADER_B,TRADER_B_BYBIT,FUTURES,ETHUSDT,BUY,0.25,3125.99,0.22613068,USDT
2026-08-01T16:42:14Z,OKX,T00711,TRADER_B,TRADER_B_OKX,FUTURES,XRPUSDT,SELL,1000,0.62723,0.23530549,USDT
2026-08-01T11:15:40Z,OKX,T00145,TRADER_C,TRADER_C_OKX,FUTURES,XRPUSDT,SELL,1000,0.62631,0.15246576,USDT
2026-08-01T16:59:45Z,BINANCE,T00678,TRADER_A,TRADER_A_BINANCE,FUTURES,ETHUSDT,SELL,1.25,3164.5,1.35268290,USDT
2026-08-01T06:31:16Z,OKX,T00528,TRADER_C,TRADER_C_OKX,FUTURES,SOLUSDT,BUY,15,156.281,0.53609293,USDT
2026-08-01T23:49:48Z,BINANCE,T00049,TRADER_D,TRADER_D_BINANCE,FUTURES,XRPUSDT,SELL,250,0.62332,0.03353825,USDT
2026-08-01T09:31:34Z,OKX,T00282,TRADER_B,TRADER_B_OKX,FUTURES,ETHUSDT,SELL,0.25,3189.56,0.36516117,USDT
2026-08-01T15:29:02Z,BYBIT,T00182,TRADER_A,TRADER_A_BYBIT,FUTURES,SOLUSDT,SELL,5,156.044,0.23675453,USDT
2026-08-01T21:12:08Z,OKX,T00357,TRADER_B,TRADER_B_OKX,FUTURES,ETHUSDT,SELL,0.25,3132.94,0.30467168,USDT
2026-08-01T11:43:40Z,BYBIT,T00388,TRADER_A,TRADER_A_BYBIT,FUTURES,SOLUSDT,BUY,25,156.401,1.11657467,USDT
2026-08-01T10:00:11Z,OKX,T00400,TRADER_C,TRADER_C_OKX,FUTURES,XRPUSDT,SELL,500,0.62753,0.07062980,USDT
2026-08-01T14:57:37Z,OKX,T00740,TRADER_C,TRADER_C_OKX,FUTURES,SOLUSDT,SELL,40,155.941,1.27155537,USDT
2026-08-01T21:23:57Z,BYBIT,T00342,TRADER_B,TRADER_B_BYBIT,FUTURES,SOLUSDT,SELL,25,156.878,1.22153191,USDT
2026-08-01T04:40:53Z,BYBIT,T00336,TRADER_B,TRADER_B_BYBIT,FUTURES,ETHUSDT,SELL,0.5,3197.26,0.79447606,USDT
2026-08-01T14:54:31Z,OKX,T00244,TRADER_C,TRADER_C_OKX,FUTURES,BTCUSDT,BUY,0.8125,62789.03,16.45828190,USDT
2026-08-01T19:22:49Z,OKX,T00477,TRADER_C,TRADER_C_OKX,FUTURES,BTCUSDT,SELL,0.0625,63185.81,1.50956380,USDT
2026-08-01T06:10:43Z,BINANCE,T00352,TRADER_D,TRADER_D_BINANCE,FUTURES,ETHUSDT,SELL,1.5,3180.61,2.37730153,USDT
2026-08-01T14:58:39Z,OKX,T00324,TRADER_C,TRADER_C_OKX,FUTURES,BTCUSDT,BUY,0.3125,62827.52,0.00855258,BNB
2026-08-01T14:56:04Z,BINANCE,T00111,TRADER_A,TRADER_A_BINANCE,FUTURES,XRPUSDT,BUY,1000,0.62532,0.00020711,BNB
2026-08-01T17:10:58Z,OKX,T00178,TRADER_B,TRADER_B_OKX,FUTURES,XRPUSDT,SELL,1500,0.62519,0.35064025,USDT
2026-08-01T02:44:31Z,BYBIT,T00313,TRADER_D,TRADER_D_BYBIT,FUTURES,XRPUSDT,SELL,2250,0.6207,0.49282489,USDT
2026-08-01T08:33:53Z,OKX,T00200,TRADER_B,TRADER_B_OKX,FUTURES,ETHUSDT,SELL,0.75,3171.65,0.53969894,USDT
2026-08-01T21:15:23Z,OKX,T00153,TRADER_C,TRADER_C_OKX,FUTURES,XRPUSDT,BUY,1250,0.62197,0.18563489,USDT
2026-08-01T09:52:25Z,OKX,T00403,TRADER_B,TRADER_B_OKX,FUTURES,XRPUSDT,SELL,500,0.62571,0.00010791,BNB
2026-08-01T09:28:12Z,OKX,T00392,TRADER_C,TRADER_C_OKX,FUTURES,XRPUSDT,BUY,750,0.62764,0.17717791,USDT
2026-08-01T00:03:47Z,BYBIT,T00521,TRADER_B,TRADER_B_BYBIT,FUTURES,SOLUSDT,BUY,5,154.893,0.27156438,USDT
2026-08-01T00:56:29Z,BINANCE,T00260,TRADER_A,TRADER_A_BINANCE,FUTURES,XRPUSDT,SELL,750,0.62074,0.19638581,USDT
2026-08-01T20:01:13Z,OKX,T00206,TRADER_C,TRADER_C_OKX,FUTURES,BTCUSDT,BUY,0.125,63254.45,0.00340358,BNB
2026-08-01T23:08:50Z,BINANCE,T00136,TRADER_A,TRADER_A_BINANCE,FUTURES,XRPUSDT,BUY,1000,0.62173,0.12997982,USDT
2026-08-01T10:06:29Z,OKX,T00661,TRADER_C,TRADER_C_OKX,FUTURES,XRPUSDT,BUY,1000,0.62844,0.00022895,BNB
2026-08-01T06:58:53Z,OKX,T00529,TRADER_C,TRADER_C_OKX,FUTURES,BTCUSDT,BUY,0.5,62568.3,14.21219998,USDT
2026-08-01T20:13:23Z,BINANCE,T00446,TRADER_D,TRADER_D_BINANCE,FUTURES,XRPUSDT,SELL,1000,0.625,0.27175880,USDT
2026-08-01T15:19:17Z,BYBIT,T00474,TRADER_B,TRADER_B_BYBIT,FUTURES,SOLUSDT,SELL,45,155.889,2.71281503,USDT
2026-08-01T23:34:19Z,OKX,T00010,TRADER_B,TRADER_B_OKX,FUTURES,XRPUSDT,BUY,2000,0.62367,0.32629405,USDT
2026-08-01T21:20:35Z,BINANCE,T00203,TRADER_A,TRADER_A_BINANCE,FUTURES,XRPUSDT,BUY,750,0.62274,0.09775880,USDT
2026-08-01T17:36:26Z,BYBIT,T00564,TRADER_B,TRADER_B_BYBIT,FUTURES,SOLUSDT,BUY,40,157.521,1.95237456,USDT
2026-08-01T14:44:35Z,OKX,T00606,TRADER_B,TRADER_B_OKX,FUTURES,XRPUSDT,BUY,250,0.62591,0.06293131,USDT
2026-08-01T05:56:30Z,OKX,T00485,TRADER_C,TRADER_C_OKX,FUTURES,SOLUSDT,BUY,10,156.396,0.71984472,USDT
2026-08-01T08:44:17Z,OKX,T00603,TRADER_C,TRADER_C_OKX,FUTURES,BTCUSDT,SELL,0.3125,62557.54,5.01458469,USDT
2026-08-01T12:22:14Z,BYBIT,T00038,TRADER_B,TRADER_B_BYBIT,FUTURES,ETHUSDT,SELL,1.25,3176.99,1.59081715,USDT
2026-08-01T23:39:50Z,BINANCE,T00007,TRADER_C,TRADER_C_BINANCE,FUTURES,SOLUSDT,BUY,40,157.33,0.00295171,BNB
2026-08-01T18:35:33Z,OKX,T00475,TRADER_C,TRADER_C_OKX,FUTURES,SOLUSDT,SELL,10,157.312,0.39249657,USDT
2026-08-01T06:20:51Z,BYBIT,T00008,TRADER_B,TRADER_B_BYBIT,FUTURES,ETHUSDT,BUY,1,3181.63,1.48934411,USDT
2026-08-01T23:42:22Z,OKX,T00285,TRADER_B,TRADER_B_OKX,FUTURES,ETHUSDT,SELL,0.5,3132.61,0.49632389,USDT
2026-08-01T21:08:47Z,OKX,T00109,TRADER_B,TRADER_B_OKX,FUTURES,ETHUSDT,SELL,2,3131.43,1.28922065,USDT
2026-08-01T08:35:05Z,OKX,T00193,TRADER_B,TRADER_B_OKX,FUTURES,XRPUSDT,SELL,2000,0.62987,0.58325412,USDT
2026-08-01T19:48:23Z,BINANCE,T00524,TRADER_C,TRADER_C_BINANCE,FUTURES,SOLUSDT,BUY,5,156.952,0.31706943,USDT
2026-08-01T22:59:51Z,BYBIT,T00692,TRADER_D,TRADER_D_BYBIT,FUTURES,XRPUSDT,BUY,1500,0.62365,0.45500666,USDT
2026-08-01T00:03:06Z,BYBIT,T00580,TRADER_B,TRADER_B_BYBIT,FUTURES,ETHUSDT,BUY,10.25,3197.65,6.69480522,USDT
2026-08-01T18:46:45Z,BINANCE,T00547,TRADER_A,TRADER_A_BINANCE,FUTURES,BTCUSDT,BUY,0.125,63216.19,2.67715853,USDT
2026-08-01T22:55:03Z,BYBIT,T00235,TRADER_A,TRADER_A_BYBIT,FUTURES,BTCUSDT,SELL,0.125,63969.12,3.63318800,USDT
2026-08-01T22:34:57Z,BINANCE,T00147,TRADER_A,TRADER_A_BINANCE,FUTURES,XRPUSDT,SELL,1000,0.62441,0.26935897,USDT
2026-08-01T19:49:19Z,BYBIT,T00512,TRADER_A,TRADER_A_BYBIT,FUTURES,SOLUSDT,SELL,20,156.829,0.90488539,USDT
2026-08-01T17:18:35Z,BINANCE,T00327,TRADER_C,TRADER_C_BINANCE,FUTURES,SOLUSDT,SELL,10,157.114,0.77093893,USDT
2026-08-01T02:50:27Z,BINANCE,T00503,TRADER_A,TRADER_A_BINANCE,FUTURES,XRPUSDT,SELL,500,0.62065,0.12762736,USDT
2026-08-01T02:46:31Z,OKX,T00724,TRADER_C,TRADER_C_OKX,FUTURES,BTCUSDT,BUY,0.0625,62127.89,0.78740793,USDT
2026-08-01T13:22:20Z,BYBIT,T00036,TRADER_B,TRADER_B_BYBIT,FUTURES,SOLUSDT,BUY,55,156.744,0.00215071,BNB
2026-08-01T23:22:18Z,BINANCE,T00447,TRADER_D,TRADER_D_BINANCE,FUTURES,ETHUSDT,SELL,0.25,3126.96,0.34149863,USDT
2026-08-01T10:00:47Z,BINANCE,T00376,TRADER_C,TRADER_C_BINANCE,FUTURES,SOLUSDT,SELL,25,155.878,1.71814964,USDT
2026-08-01T02:44:45Z,OKX,T00699,TRADER_C,TRADER_C_OKX,FUTURES,XRPUSDT,SELL,250,0.6204,0.04939235,USDT
2026-08-01T04:20:29Z,OKX,T00553,TRADER_C,TRADER_C_OKX,FUTURES,BTCUSDT,BUY,0.0625,62052.64,1.08066500,USDT
2026-08-01T09:39:50Z,OKX,T00557,TRADER_B,TRADER_B_OKX,FUTURES,ETHUSDT,SELL,0.75,3190.36,0.56686295,USDT
2026-08-01T10:48:27Z,OKX,T00484,TRADER_B,TRADER_B_OKX,FUTURES,XRPUSDT,BUY,1250,0.6257,0.25796655,USDT
2026-08-01T05:46:04Z,BINANCE,T00335,TRADER_C,TRADER_C_BINANCE,FUTURES,SOLUSDT,BUY,30,156.535,1.36565376,USDT
2026-08-01T03:36:59Z,BYBIT,T00665,TRADER_D,TRADER_D_BYBIT,FUTURES,XRPUSDT,BUY,1000,0.62145,0.20621045,USDT
2026-08-01T02:29:43Z,BINANCE,T00583,TRADER_A,TRADER_A_BINANCE,FUTURES,ETHUSDT,SELL,1.25,3191.91,1.54731769,USDT
2026-08-01T19:40:33Z,BYBIT,T00100,TRADER_A,TRADER_A_BYBIT,FUTURES,BTCUSDT,SELL,0.125,63283.43,0.00456118,BNB
2026-08-01T21:18:48Z,BINANCE,T00135,TRADER_A,TRADER_A_BINANCE,FUTURES,BTCUSDT,BUY,0.0625,63503.36,1.85136303,USDT
2026-08-01T06:36:18Z,OKX,T00636,TRADER_C,TRADER_C_OKX,FUTURES,XRPUSDT,SELL,250,0.62454,0.03193182,USDT
2026-08-01T18:11:31Z,BINANCE,T00262,TRADER_D,TRADER_D_BINANCE,FUTURES,ETHUSDT,BUY,0.25,3152.76,0.22890534,USDT
2026-08-01T06:55:53Z,OKX,T00151,TRADER_C,TRADER_C_OKX,FUTURES,SOLUSDT,SELL,10,156.147,0.38252692,USDT
2026-08-01T13:17:20Z,BINANCE,T00703,TRADER_A,TRADER_A_BINANCE,FUTURES,XRPUSDT,BUY,500,0.62278,0.14735413,USDT
2026-08-01T07:51:58Z,BINANCE,T00673,TRADER_A,TRADER_A_BINANCE,FUTURES,BTCUSDT,SELL,1.1875,62533.7,20.37090571,USDT
2026-08-01T00:33:39Z,OKX,T00009,TRADER_C,TRADER_C_OKX,FUTURES,BTCUSDT,SELL,0.125,62235.89,2.09655407,USDT
2026-08-01T12:50:24Z,BINANCE,T00018,TRADER_D,TRADER_D_BINANCE,FUTURES,XRPUSDT,BUY,1000,0.62511,0.21710479,USDT
2026-08-01T18:54:06Z,BYBIT,T00570,TRADER_A,TRADER_A_BYBIT,FUTURES,BTCUSDT,BUY,0.375,63215.1,0.01025283,BNB
2026-08-01T04:45:20Z,BINANCE,T00226,TRADER_A,TRADER_A_BINANCE,FUTURES,XRPUSDT,BUY,1500,0.62157,0.00055008,BNB
2026-08-01T12:34:33Z,BYBIT,T00584,TRADER_D,TRADER_D_BYBIT,FUTURES,XRPUSDT,BUY,500,0.6252,0.08577388,USDT
2026-08-01T16:25:40Z,OKX,T00122,TRADER_B,TRADER_B_OKX,FUTURES,XRPUSDT,SELL,1000,0.62845,0.23327938,USDT
2026-08-01T03:42:29Z,OKX,T00048,TRADER_C,TRADER_C_OKX,FUTURES,XRPUSDT,BUY,2000,0.62115,0.46523851,USDT
2026-08-01T03:35:01Z,BYBIT,T00222,TRADER_A,TRADER_A_BYBIT,FUTURES,SOLUSDT,BUY,70,156.169,4.39315318,USDT
2026-08-01T08:40:53Z,BYBIT,T00168,TRADER_D,TRADER_D_BYBIT,FUTURES,XRPUSDT,BUY,1500,0.6293,0.25459378,USDT
2026-08-01T21:51:17Z,BYBIT,T00294,TRADER_B,TRADER_B_BYBIT,FUTURES,ETHUSDT,BUY,2,3122.55,2.92337619,USDT
2026-08-01T07:34:12Z,BYBIT,T00411,TRADER_B,TRADER_B_BYBIT,FUTURES,ETHUSDT,BUY,21.25,3179.9,33.25018318,USDT
2026-08-01T03:54:09Z,OKX,T00739,TRADER_C,TRADER_C_OKX,FUTURES,XRPUSDT,SELL,3000,0.62067,0.66696354,USDT
2026-08-01T18:06:15Z,BYBIT,T00081,TRADER_A,TRADER_A_BYBIT,FUTURES,SOLUSDT,BUY,40,157.821,3.15261611,USDT
2026-08-01T08:36:45Z,BINANCE,T00345,TRADER_D,TRADER_D_BINANCE,FUTURES,ETHUSDT,BUY,6,3170.99,5.81504632,USDT
2026-08-01T08:58:45Z,BYBIT,T00011,TRADER_D,TRADER_D_BYBIT,FUTURES,XRPUSDT,SELL,750,0.62949,0.16053300,USDT
2026-08-01T07:56:36Z,OKX,T00490,TRADER_C,TRADER_C_OKX,FUTURES,SOLUSDT,SELL,10,156.361,0.68621658,USDT
2026-08-01T11:36:11Z,OKX,T00110,TRADER_B,TRADER_B_OKX,FUTURES,ETHUSDT,BUY,0.5,3176.35,0.43841899,USDT
2026-08-01T01:26:18Z,BINANCE,T00459,TRADER_A,TRADER_A_BINANCE,FUTURES,XRPUSDT,SELL,500,0.62373,0.14125943,USDT
2026-08-01T16:53:38Z,BYBIT,T00519,TRADER_D,TRADER_D_BYBIT,FUTURES,XRPUSDT,SELL,2000,0.62683,0.55069908,USDT
2026-08-01T04:11:39Z,BINANCE,T00041,TRADER_A,TRADER_A_BINANCE,FUTURES,BTCUSDT,SELL,0.0625,62070.2,1.03705598,USDT
2026-08-01T07:15:19Z,BINANCE,T00232,TRADER_D,TRADER_D_BINANCE,FUTURES,XRPUSDT,SELL,1000,0.6263,0.15924666,USDT
2026-08-01T00:43:56Z,BINANCE,T00494,TRADER_A,TRADER_A_BINANCE,FUTURES,BTCUSDT,BUY,0.5,62195.87,0.01140631,BNB
2026-08-01T18:09:13Z,BINANCE,T00511,TRADER_A,TRADER_A_BINANCE,FUTURES,ETHUSDT,SELL,1.5,3146.35,1.98298908,USDT
2026-08-01T20:42:33Z,OKX,T00166,TRADER_B,TRADER_B_OKX,FUTURES,ETHUSDT,BUY,1.25,3135.94,1.53701049,USDT
2026-08-01T13:44:03Z,OKX,T00095,TRADER_B,TRADER_B_OKX,FUTURES,XRPUSDT,BUY,1500,0.62267,0.21538053,USDT
2026-08-01T14:12:12Z,OKX,T00112,TRADER_B,TRADER_B_OKX,FUTURES,ETHUSDT,BUY,0.5,3165.37,0.34054767,USDT
2026-08-01T22:34:40Z,BINANCE,T00102,TRADER_A,TRADER_A_BINANCE,FUTURES,XRPUSDT,BUY,1000,0.62427,0.26596481,USDT
2026-08-01T15:37:11Z,BINANCE,T00669,TRADER_D,TRADER_D_BINANCE,FUTURES,ETHUSDT,BUY,1.5,3171.71,0.96451072,USDT
2026-08-01T05:09:39Z,BYBIT,T00393,TRADER_D,TRADER_D_BYBIT,FUTURES,XRPUSDT,BUY,250,0.61981,0.00005774,BNB
2026-08-01T00:34:58Z,BYBIT,T00679,TRADER_A,TRADER_A_BYBIT,FUTURES,BTCUSDT,SELL,0.5,62208.85,8.04156508,USDT
2026-08-01T04:49:36Z,BINANCE,T00160,TRADER_A,TRADER_A_BINANCE,FUTURES,XRPUSDT,SELL,250,0.62194,0.05389604,USDT
2026-08-01T11:27:38Z,OKX,T00454,TRADER_B,TRADER_B_OKX,FUTURES,XRPUSDT,SELL,1500,0.6264,0.21404313,USDT
2026-08-01T19:01:49Z,OKX,T00072,TRADER_B,TRADER_B_OKX,FUTURES,XRPUSDT,BUY,1250,0.62704,0.28659253,USDT
2026-08-01T04:46:12Z,BINANCE,T00319,TRADER_D,TRADER_D_BINANCE,FUTURES,XRPUSDT,SELL,250,0.6219,0.00006178,BNB
2026-08-01T14:33:12Z,OKX,T00598,TRADER_C,TRADER_C_OKX,FUTURES,XRPUSDT,BUY,500,0.62496,0.11842756,USDT
2026-08-01T21:41:00Z,OKX,T00030,TRADER_C,TRADER_C_OKX,FUTURES,SOLUSDT,BUY,15,157.002,0.93762274,USDT
2026-08-01T04:44:24Z,BINANCE,T00022,TRADER_A,TRADER_A_BINANCE,FUTURES,XRPUSDT,SELL,1500,0.62234,0.32844042,USDT
2026-08-01T03:24:48Z,OKX,T00181,TRADER_B,TRADER_B_OKX,FUTURES,XRPUSDT,SELL,1000,0.62115,0.30811625,USDT
2026-08-01T17:58:58Z,BINANCE,T00404,TRADER_A,TRADER_A_BINANCE,FUTURES,ETHUSDT,BUY,0.5,3154.86,0.72113739,USDT
2026-08-01T21:56:43Z,BINANCE,T00189,TRADER_A,TRADER_A_BINANCE,FUTURES,XRPUSDT,SELL,500,0.62349,0.14529826,USDT
2026-08-01T10:08:41Z,OKX,T00321,TRADER_C,TRADER_C_OKX,FUTURES,BTCUSDT,SELL,0.3125,62467.23,4.47211798,USDT
2026-08-01T15:03:16Z,BINANCE,T00562,TRADER_A,TRADER_A_BINANCE,FUTURES,XRPUSDT,BUY,250,0.62553,0.03159531,USDT
2026-08-01T14:55:43Z,BYBIT,T00641,TRADER_B,TRADER_B_BYBIT,FUTURES,SOLUSDT,BUY,10,155.817,0.45138387,USDT
2026-08-01T23:27:20Z,BYBIT,T00674,TRADER_A,TRADER_A_BYBIT,FUTURES,BTCUSDT,BUY,0.5,63937.67,14.27537702,USDT
2026-08-01T11:27:46Z,BINANCE,T00421,TRADER_A,TRADER_A_BINANCE,FUTURES,ETHUSDT,BUY,0.5,3179.85,0.77471363,USDT
2026-08-01T01:10:51Z,BINANCE,T00597,TRADER_D,TRADER_D_BINANCE,FUTURES,ETHUSDT,BUY,2.75,3204.9,3.29803825,USDT
2026-08-01T17:25:40Z,BINANCE,T00398,TRADER_A,TRADER_A_BINANCE,FUTURES,XRPUSDT,BUY,1000,0.62552,0.23059332,USDT
2026-08-01T16:47:05Z,BINANCE,T00618,TRADER_A,TRADER_A_BINANCE,FUTURES,BTCUSDT,SELL,0.125,63270.61,2.33494334,USDT
2026-08-01T10:49:51Z,BINANCE,T00624,TRADER_D,TRADER_D_BINANCE,FUTURES,ETHUSDT,SELL,8,3190.01,0.01436444,BNB
2026-08-01T07:37:57Z,OKX,T00154,TRADER_C,TRADER_C_OKX,FUTURES,BTCUSDT,SELL,2.375,62559.99,32.13834082,USDT
2026-08-01T19:29:45Z,OKX,T00586,TRADER_C,TRADER_C_OKX,FUTURES,XRPUSDT,SELL,1000,0.62794,0.00019548,BNB
2026-08-01T19:19:26Z,OKX,T00407,TRADER_C,TRADER_C_OKX,FUTURES,SOLUSDT,BUY,10,157.494,0.35683487,USDT
2026-08-01T04:26:16Z,OKX,T00607,TRADER_C,TRADER_C_OKX,FUTURES,BTCUSDT,BUY,0.1875,62061.55,3.05443131,USDT
2026-08-01T04:11:29Z,BYBIT,T00364,TRADER_A,TRADER_A_BYBIT,FUTURES,BTCUSDT,BUY,0.25,62070.13,4.58825101,USDT
2026-08-01T09:54:32Z,BINANCE,T00406,TRADER_A,TRADER_A_BINANCE,FUTURES,XRPUSDT,BUY,750,0.62607,0.19092373,USDT
2026-08-01T09:07:06Z,OKX,T00148,TRADER_B,TRADER_B_OKX,FUTURES,ETHUSDT,BUY,5.75,3186.21,7.89498919,USDT
2026-08-01T17:12:24Z,BINANCE,T00443,TRADER_D,TRADER_D_BINANCE,FUTURES,XRPUSDT,SELL,750,0.62421,0.21021730,USDT
2026-08-01T16:06:42Z,BYBIT,T00012,TRADER_B,TRADER_B_BYBIT,FUTURES,SOLUSDT,BUY,30,156.967,1.06748001,USDT
2026-08-01T17:17:16Z,BINANCE,T00265,TRADER_D,TRADER_D_BINANCE,FUTURES,ETHUSDT,SELL,1.5,3162.95,1.92378592,USDT
2026-08-01T15:27:48Z,BINANCE,T00619,TRADER_D,TRADER_D_BINANCE,FUTURES,ETHUSDT,SELL,0.25,3178.76,0.28811799,USDT
2026-08-01T02:31:27Z,BINANCE,T00476,TRADER_A,TRADER_A_BINANCE,FUTURES,BTCUSDT,SELL,0.25,62149.81,4.17915881,USDT
2026-08-01T04:50:39Z,BINANCE,T00523,TRADER_C,TRADER_C_BINANCE,FUTURES,SOLUSDT,SELL,5,156.368,0.20484750,USDT
2026-08-01T17:47:41Z,OKX,T00526,TRADER_B,TRADER_B_OKX,FUTURES,ETHUSDT,SELL,2,3155.43,1.44548783,USDT
2026-08-01T12:23:34Z,OKX,T00192,TRADER_C,TRADER_C_OKX,FUTURES,BTCUSDT,SELL,1.125,62509.83,26.55531282,USDT
2026-08-01T05:45:27Z,BYBIT,T00331,TRADER_B,TRADER_B_BYBIT,FUTURES,ETHUSDT,SELL,0.25,3194.65,0.20899096,USDT
2026-08-01T20:09:13Z,BINANCE,T00070,TRADER_D,TRADER_D_BINANCE,FUTURES,ETHUSDT,SELL,0.5,3128.07,0.72690570,USDT
2026-08-01T08:01:47Z,OKX,T00702,TRADER_C,TRADER_C_OKX,FUTURES,SOLUSDT,SELL,10,155.661,0.32016865,USDT
2026-08-01T11:09:19Z,OKX,T00395,TRADER_B,TRADER_B_OKX,FUTURES,ETHUSDT,BUY,0.25,3176.32,0.31164951,USDT
2026-08-01T20:31:15Z,OKX,T00360,TRADER_C,TRADER_C_OKX,FUTURES,BTCUSDT,SELL,0.375,63226.26,6.99051360,USDT
2026-08-01T16:36:53Z,BINANCE,T00683,TRADER_A,TRADER_A_BINANCE,FUTURES,XRPUSDT,BUY,250,0.62689,0.04324516,USDT
2026-08-01T06:17:20Z,BYBIT,T00736,TRADER_A,TRADER_A_BYBIT,FUTURES,SOLUSDT,SELL,40,156.718,3.10842641,USDT
2026-08-01T02:12:37Z,OKX,T00355,TRADER_C,TRADER_C_OKX,FUTURES,XRPUSDT,BUY,1000,0.6223,0.00016433,BNB
2026-08-01T13:17:46Z,BINANCE,T00626,TRADER_D,TRADER_D_BINANCE,FUTURES,ETHUSDT,BUY,0.75,3171.75,1.14279312,USDT
2026-08-01T12:42:06Z,BYBIT,T00250,TRADER_A,TRADER_A_BYBIT,FUTURES,BTCUSDT,BUY,0.3125,62740.08,8.20906477,USDT
2026-08-01T22:05:27Z,BINANCE,T00647,TRADER_C,TRADER_C_BINANCE,FUTURES,SOLUSDT,BUY,30,157.749,1.45123776,USDT
2026-08-01T06:25:42Z,BINANCE,T00032,TRADER_C,TRADER_C_BINANCE,FUTURES,SOLUSDT,BUY,30,156.695,1.25515719,USDT
2026-08-01T01:32:25Z,OKX,T00452,TRADER_C,TRADER_C_OKX,FUTURES,SOLUSDT,SELL,10,155.995,0.71194871,USDT
2026-08-01T03:27:19Z,OKX,T00640,TRADER_B,TRADER_B_OKX,FUTURES,XRPUSDT,BUY,500,0.62131,0.11079508,USDT
2026-08-01T20:14:44Z,BYBIT,T00236,TRADER_D,TRADER_D_BYBIT,FUTURES,XRPUSDT,BUY,1500,0.62439,0.30795504,USDT
2026-08-01T17:21:04Z,OKX,T00578,TRADER_C,TRADER_C_OKX,FUTURES,XRPUSDT,SELL,750,0.62434,0.00012615,BNB
2026-08-01T22:15:38Z,BYBIT,T00499,TRADER_D,TRADER_D_BYBIT,FUTURES,XRPUSDT,BUY,750,0.62309,0.17258222,USDT
2026-08-01T10:49:41Z,BINANCE,T00059,TRADER_C,TRADER_C_BINANCE,FUTURES,SOLUSDT,BUY,25,156.505,1.78275903,USDT
2026-08-01T16:44:09Z,OKX,T00686,TRADER_C,TRADER_C_OKX,FUTURES,SOLUSDT,SELL,5,156.992,0.27679483,USDT
2026-08-01T14:44:02Z,OKX,T00716,TRADER_B,TRADER_B_OKX,FUTURES,XRPUSDT,SELL,2250,0.6247,0.60405549,USDT
2026-08-01T12:07:34Z,BYBIT,T00533,TRADER_A,TRADER_A_BYBIT,FUTURES,SOLUSDT,BUY,5,156.637,0.18676197,USDT
2026-08-01T17:18:51Z,BINANCE,T00287,TRADER_C,TRADER_C_BINANCE,FUTURES,SOLUSDT,SELL,5,157.062,0.21338813,USDT
2026-08-01T16:03:57Z,BINANCE,T00124,TRADER_A,TRADER_A_BINANCE,FUTURES,ETHUSDT,BUY,0.25,3155.44,0.34314107,USDT
2026-08-01T05:12:15Z,BYBIT,T00670,TRADER_A,TRADER_A_BYBIT,FUTURES,BTCUSDT,SELL,0.1875,62555.28,4.69780377,USDT
2026-08-01T19:56:25Z,BINANCE,T00677,TRADER_C,TRADER_C_BINANCE,FUTURES,SOLUSDT,BUY,5,156.935,0.29011182,USDT
2026-08-01T12:48:29Z,BYBIT,T00549,TRADER_A,TRADER_A_BYBIT,FUTURES,SOLUSDT,BUY,5,156.695,0.15882202,USDT
2026-08-01T09:19:55Z,OKX,T00245,TRADER_B,TRADER_B_OKX,FUTURES,XRPUSDT,SELL,2000,0.62712,0.44974016,USDT
2026-08-01T14:04:02Z,BINANCE,T00604,TRADER_A,TRADER_A_BINANCE,FUTURES,BTCUSDT,SELL,0.3125,63055.97,4.80236714,USDT
2026-08-01T07:21:45Z,BINANCE,T00230,TRADER_D,TRADER_D_BINANCE,FUTURES,ETHUSDT,SELL,1.5,3178.3,2.33842651,USDT
2026-08-01T18:20:44Z,OKX,T00309,TRADER_B,TRADER_B_OKX,FUTURES,ETHUSDT,BUY,0.25,3149.07,0.20860499,USDT
2026-08-01T16:26:46Z,BINANCE,T00119,TRADER_D,TRADER_D_BINANCE,FUTURES,ETHUSDT,SELL,0.25,3154.88,0.34200270,USDT
2026-08-01T13:26:57Z,OKX,T00061,TRADER_C,TRADER_C_OKX,FUTURES,XRPUSDT,BUY,250,0.62279,0.00008368,BNB
2026-08-01T05:14:14Z,BINANCE,T00536,TRADER_A,TRADER_A_BINANCE,FUTURES,XRPUSDT,BUY,1250,0.6192,0.26806627,USDT
2026-08-01T17:08:42Z,BINANCE,T00402,TRADER_D,TRADER_D_BINANCE,FUTURES,ETHUSDT,SELL,1.25,3161.96,0.00171798,BNB
2026-08-01T02:51:38Z,BINANCE,T00615,TRADER_A,TRADER_A_BINANCE,FUTURES,ETHUSDT,BUY,0.75,3205.14,0.58349365,USDT
2026-08-01T15:37:02Z,BINANCE,T00396,TRADER_C,TRADER_C_BINANCE,FUTURES,SOLUSDT,BUY,10,156.387,0.47882482,USDT
2026-08-01T22:30:03Z,BYBIT,T00306,TRADER_D,TRADER_D_BYBIT,FUTURES,XRPUSDT,SELL,1000,0.62367,0.00027521,BNB
2026-08-01T06:25:37Z,BINANCE,T00650,TRADER_A,TRADER_A_BINANCE,FUTURES,BTCUSDT,BUY,0.375,62429.91,7.03797031,USDT
2026-08-01T22:25:40Z,BYBIT,T00105,TRADER_A,TRADER_A_BYBIT,FUTURES,BTCUSDT,BUY,1.125,63832.49,34.63197431,USDT
2026-08-01T00:30:35Z,OKX,T00453,TRADER_C,TRADER_C_OKX,FUTURES,BTCUSDT,BUY,0.1875,62205.67,3.94103953,USDT
2026-08-01T03:22:50Z,OKX,T00138,TRADER_C,TRADER_C_OKX,FUTURES,XRPUSDT,SELL,1000,0.62129,0.29951748,USDT
2026-08-01T06:29:53Z,OKX,T00101,TRADER_B,TRADER_B_OKX,FUTURES,XRPUSDT,BUY,500,0.62335,0.12106052,USDT
2026-08-01T03:31:35Z,BINANCE,T00256,TRADER_A,TRADER_A_BINANCE,FUTURES,BTCUSDT,BUY,0.0625,62142.36,1.21552394,USDT
2026-08-01T08:08:07Z,BINANCE,T00704,TRADER_A,TRADER_A_BINANCE,FUTURES,ETHUSDT,SELL,0.5,3179.18,0.00052590,BNB
2026-08-01T12:41:26Z,OKX,T00545,TRADER_B,TRADER_B_OKX,FUTURES,ETHUSDT,BUY,1.5,3179.47,1.43574193,USDT
2026-08-01T01:42:31Z,BINANCE,T00609,TRADER_A,TRADER_A_BINANCE,FUTURES,BTCUSDT,SELL,0.125,62289.15,3.59398784,USDT
2026-08-01T06:45:50Z,OKX,T00056,TRADER_C,TRADER_C_OKX,FUTURES,BTCUSDT,BUY,0.5,62450.41,0.00889613,BNB
2026-08-01T07:16:35Z,BYBIT,T00632,TRADER_A,TRADER_A_BYBIT,FUTURES,SOLUSDT,BUY,5,156.257,0.31378138,USDT
2026-08-01T01:30:30Z,OKX,T00065,TRADER_C,TRADER_C_OKX,FUTURES,SOLUSDT,BUY,150,156.257,11.60368735,USDT
2026-08-01T18:26:24Z,BYBIT,T00720,TRADER_A,TRADER_A_BYBIT,FUTURES,BTCUSDT,BUY,0.5,63323.42,10.17715142,USDT
2026-08-01T19:39:41Z,BYBIT,T00654,TRADER_D,TRADER_D_BYBIT,FUTURES,XRPUSDT,SELL,1500,0.62786,0.43023929,USDT
2026-08-01T09:37:13Z,BINANCE,T00043,TRADER_D,TRADER_D_BINANCE,FUTURES,ETHUSDT,BUY,0.75,3188.25,0.00100327,BNB
2026-08-01T02:25:00Z,OKX,T00340,TRADER_C,TRADER_C_OKX,FUTURES,XRPUSDT,SELL,1250,0.6218,0.00022393,BNB
2026-08-01T13:27:00Z,BINANCE,T00134,TRADER_A,TRADER_A_BINANCE,FUTURES,BTCUSDT,BUY,1.375,62943.52,39.03136405,USDT
2026-08-01T20:33:41Z,BINANCE,T00680,TRADER_C,TRADER_C_BINANCE,FUTURES,SOLUSDT,BUY,25,156.885,0.82199236,USDT
2026-08-01T08:21:16Z,BYBIT,T00559,TRADER_B,TRADER_B_BYBIT,FUTURES,ETHUSDT,BUY,1.25,3178.98,1.39403963,USDT
2026-08-01T03:21:57Z,BINANCE,T00424,TRADER_A,TRADER_A_BINANCE,FUTURES,ETHUSDT,SELL,0.25,3197.61,0.00032121,BNB
2026-08-01T11:30:55Z,OKX,T00344,TRADER_B,TRADER_B_OKX,FUTURES,ETHUSDT,BUY,1,3180.11,0.00135225,BNB
2026-08-01T12:38:43Z,OKX,T00514,TRADER_C,TRADER_C_OKX,FUTURES,XRPUSDT,SELL,500,0.62463,0.06323657,USDT
2026-08-01T13:44:29Z,BYBIT,T00125,TRADER_B,TRADER_B_BYBIT,FUTURES,ETHUSDT,SELL,1,3173.81,0.90785695,USDT
2026-08-01T20:28:19Z,BYBIT,T00120,TRADER_A,TRADER_A_BYBIT,FUTURES,BTCUSDT,SELL,1.375,63324.92,42.59085690,USDT
2026-08-01T03:39:58Z,BINANCE,T00300,TRADER_A,TRADER_A_BINANCE,FUTURES,XRPUSDT,BUY,750,0.62101,0.00014642,BNB
2026-08-01T03:49:43Z,BINANCE,T00255,TRADER_A,TRADER_A_BINANCE,FUTURES,BTCUSDT,SELL,0.0625,62032.46,1.68140527,USDT
2026-08-01T17:18:33Z,BYBIT,T00169,TRADER_B,TRADER_B_BYBIT,FUTURES,SOLUSDT,SELL,25,157.034,1.22166574,USDT
2026-08-01T10:27:56Z,BYBIT,T00539,TRADER_B,TRADER_B_BYBIT,FUTURES,ETHUSDT,SELL,1.25,3184.83,1.74610912,USDT
2026-08-01T23:05:57Z,BINANCE,T00655,TRADER_A,TRADER_A_BINANCE,FUTURES,XRPUSDT,BUY,2000,0.62193,0.43511330,USDT
2026-08-01T19:05:10Z,OKX,T00659,TRADER_B,TRADER_B_OKX,FUTURES,ETHUSDT,BUY,0.25,3146,0.00025309,BNB
2026-08-01T11:45:13Z,BYBIT,T00727,TRADER_D,TRADER_D_BYBIT,FUTURES,XRPUSDT,SELL,750,0.62604,0.00026421,BNB
2026-08-01T14:54:00Z,BYBIT,T00698,TRADER_B,TRADER_B_BYBIT,FUTURES,ETHUSDT,BUY,0.75,3171.97,0.99321099,USDT
2026-08-01T04:33:25Z,BINANCE,T00516,TRADER_A,TRADER_A_BINANCE,FUTURES,BTCUSDT,BUY,0.3125,62308.97,0.00923506,BNB
2026-08-01T02:41:57Z,OKX,T00258,TRADER_B,TRADER_B_OKX,FUTURES,XRPUSDT,SELL,750,0.62083,0.10665709,USDT
2026-08-01T08:53:18Z,BINANCE,T00608,TRADER_C,TRADER_C_BINANCE,FUTURES,SOLUSDT,SELL,250,155.538,11.15435594,USDT
2026-08-01T20:54:19Z,OKX,T00176,TRADER_C,TRADER_C_OKX,FUTURES,SOLUSDT,BUY,20,157.029,1.40079485,USDT
2026-08-01T12:44:14Z,BYBIT,T00307,TRADER_B,TRADER_B_BYBIT,FUTURES,ETHUSDT,SELL,0.25,3181.35,0.00028953,BNB
2026-08-01T00:21:33Z,BINANCE,T00152,TRADER_D,TRADER_D_BINANCE,FUTURES,ETHUSDT,SELL,2,3198.14,2.39496166,USDT
2026-08-01T19:20:57Z,OKX,T00080,TRADER_C,TRADER_C_OKX,FUTURES,SOLUSDT,SELL,5,157.742,0.00047767,BNB
2026-08-01T10:01:20Z,BYBIT,T00684,TRADER_B,TRADER_B_BYBIT,FUTURES,SOLUSDT,BUY,5,156.067,0.32878621,USDT
2026-08-01T08:25:49Z,BYBIT,T00329,TRADER_A,TRADER_A_BYBIT,FUTURES,BTCUSDT,BUY,0.5,62620.07,11.42818051,USDT
2026-08-01T23:45:01Z,BINANCE,T00386,TRADER_A,TRADER_A_BINANCE,FUTURES,BTCUSDT,BUY,0.1875,63740.46,2.50240800,USDT
2026-08-01T19:34:17Z,BINANCE,T00130,TRADER_D,TRADER_D_BINANCE,FUTURES,ETHUSDT,SELL,1.5,3126.89,0.00180383,BNB
2026-08-01T15:16:34Z,BINANCE,T00023,TRADER_C,TRADER_C_BINANCE,FUTURES,SOLUSDT,SELL,25,155.822,1.63710462,USDT
2026-08-01T03:44:15Z,OKX,T00623,TRADER_C,TRADER_C_OKX,FUTURES,SOLUSDT,BUY,20,155.882,0.00119201,BNB
2026-08-01T17:12:36Z,OKX,T00354,TRADER_B,TRADER_B_OKX,FUTURES,XRPUSDT,SELL,1250,0.62475,0.00028048,BNB
2026-08-01T02:47:10Z,BYBIT,T00037,TRADER_B,TRADER_B_BYBIT,FUTURES,ETHUSDT,SELL,0.25,3203.15,0.25513649,USDT
2026-08-01T12:42:41Z,BYBIT,T00058,TRADER_A,TRADER_A_BYBIT,FUTURES,SOLUSDT,BUY,5,156.914,0.31902396,USDT
2026-08-01T03:58:40Z,BINANCE,T00278,TRADER_A,TRADER_A_BINANCE,FUTURES,XRPUSDT,BUY,1250,0.62088,0.29304793,USDT
2026-08-01T12:43:32Z,BYBIT,T00445,TRADER_A,TRADER_A_BYBIT,FUTURES,SOLUSDT,BUY,15,156.725,0.82858249,USDT
2026-08-01T12:21:53Z,BYBIT,T00631,TRADER_D,TRADER_D_BYBIT,FUTURES,XRPUSDT,SELL,1000,0.62746,0.31110685,USDT
2026-08-01T16:49:21Z,BYBIT,T00601,TRADER_D,TRADER_D_BYBIT,FUTURES,XRPUSDT,BUY,2000,0.62618,0.32627659,USDT
2026-08-01T08:43:51Z,BINANCE,T00202,TRADER_D,TRADER_D_BINANCE,FUTURES,XRPUSDT,SELL,500,0.63044,0.07798692,USDT
2026-08-01T15:20:56Z,OKX,T00325,TRADER_B,TRADER_B_OKX,FUTURES,ETHUSDT,BUY,1.25,3182.57,1.65884220,USDT
2026-08-01T21:54:20Z,BINANCE,T00004,TRADER_C,TRADER_C_BINANCE,FUTURES,SOLUSDT,BUY,20,157.168,0.00146772,BNB
2026-08-01T22:02:31Z,OKX,T00277,TRADER_C,TRADER_C_OKX,FUTURES,BTCUSDT,BUY,0.5,63766.32,10.23275681,USDT
2026-08-01T20:30:15Z,BYBIT,T00253,TRADER_B,TRADER_B_BYBIT,FUTURES,ETHUSDT,SELL,1.5,3135.64,1.29384806,USDT
2026-08-01T02:50:35Z,BINANCE,T00150,TRADER_A,TRADER_A_BINANCE,FUTURES,ETHUSDT,BUY,1.25,3206.11,1.54349172,USDT
2026-08-01T14:04:32Z,BYBIT,T00565,TRADER_B,TRADER_B_BYBIT,FUTURES,SOLUSDT,BUY,10,155.692,0.75114279,USDT
2026-08-01T11:15:48Z,BYBIT,T00089,TRADER_D,TRADER_D_BYBIT,FUTURES,XRPUSDT,BUY,1000,0.62701,0.12678129,USDT
2026-08-01T02:18:29Z,BINANCE,T00639,TRADER_D,TRADER_D_BINANCE,FUTURES,ETHUSDT,SELL,1.5,3196.86,1.41572846,USDT
2026-08-01T05:08:55Z,BINANCE,T00211,TRADER_D,TRADER_D_BINANCE,FUTURES,ETHUSDT,BUY,0.5,3200.76,0.50967487,USDT
2026-08-01T05:29:13Z,BYBIT,T00241,TRADER_A,TRADER_A_BYBIT,FUTURES,SOLUSDT,BUY,30,156.589,2.19375887,USDT
2026-08-01T10:57:56Z,BYBIT,T00281,TRADER_B,TRADER_B_BYBIT,FUTURES,ETHUSDT,BUY,11,3191.02,15.13621540,USDT
2026-08-01T18:15:23Z,OKX,T00434,TRADER_C,TRADER_C_OKX,FUTURES,BTCUSDT,SELL,0.25,63247.49,5.10902750,USDT
2026-08-01T18:00:39Z,OKX,T00044,TRADER_C,TRADER_C_OKX,FUTURES,SOLUSDT,SELL,5,157.906,0.00029900,BNB
2026-08-01T05:37:23Z,OKX,T00573,TRADER_B,TRADER_B_OKX,FUTURES,XRPUSDT,SELL,500,0.62165,0.12402157,USDT
2026-08-01T01:22:17Z,BINANCE,T00128,TRADER_D,TRADER_D_BINANCE,FUTURES,XRPUSDT,BUY,250,0.62387,0.06608349,USDT
2026-08-01T14:36:59Z,BYBIT,T00685,TRADER_A,TRADER_A_BYBIT,FUTURES,BTCUSDT,SELL,0.5,62820.59,8.15356573,USDT
2026-08-01T02:56:59Z,BYBIT,T00137,TRADER_B,TRADER_B_BYBIT,FUTURES,ETHUSDT,BUY,0.75,3204.18,0.70637909,USDT
2026-08-01T22:03:23Z,OKX,T00046,TRADER_B,TRADER_B_OKX,FUTURES,XRPUSDT,SELL,1000,0.62364,0.00019496,BNB
2026-08-01T17:11:21Z,BINANCE,T00456,TRADER_C,TRADER_C_BINANCE,FUTURES,SOLUSDT,BUY,40,156.894,1.76065231,USDT
2026-08-01T01:20:51Z,OKX,T00264,TRADER_C,TRADER_C_OKX,FUTURES,XRPUSDT,SELL,250,0.62258,0.05548628,USDT
2026-08-01T20:11:17Z,BYBIT,T00510,TRADER_B,TRADER_B_BYBIT,FUTURES,SOLUSDT,SELL,20,157.059,0.95444792,USDT
2026-08-01T23:02:55Z,OKX,T00194,TRADER_B,TRADER_B_OKX,FUTURES,ETHUSDT,SELL,0.25,3125.78,0.00037218,BNB
2026-08-01T17:04:51Z,OKX,T00483,TRADER_B,TRADER_B_OKX,FUTURES,XRPUSDT,SELL,2000,0.6252,0.58129878,USDT
2026-08-01T09:47:15Z,BYBIT,T00614,TRADER_A,TRADER_A_BYBIT,FUTURES,BTCUSDT,BUY,0.125,62596.66,2.85324006,USDT
2026-08-01T02:21:54Z,OKX,T00379,TRADER_B,TRADER_B_OKX,FUTURES,XRPUSDT,SELL,1250,0.62221,0.36452065,USDT
2026-08-01T14:43:48Z,BYBIT,T00543,TRADER_D,TRADER_D_BYBIT,FUTURES,XRPUSDT,BUY,250,0.62472,0.03172629,USDT
2026-08-01T02:45:19Z,OKX,T00318,TRADER_C,TRADER_C_OKX,FUTURES,XRPUSDT,BUY,2000,0.62043,0.47419948,USDT
2026-08-01T08:21:51Z,BYBIT,T00417,TRADER_D,TRADER_D_BYBIT,FUTURES,XRPUSDT,BUY,2000,0.62841,0.43919180,USDT
2026-08-01T03:11:03Z,BINANCE,T00714,TRADER_A,TRADER_A_BINANCE,FUTURES,ETHUSDT,SELL,1.25,3202.06,1.14931653,USDT
2026-08-01T20:37:27Z,BYBIT,T00062,TRADER_B,TRADER_B_BYBIT,FUTURES,ETHUSDT,SELL,1.5,3137.12,2.00649953,USDT
2026-08-01T01:52:54Z,BINANCE,T00482,TRADER_A,TRADER_A_BINANCE,FUTURES,BTCUSDT,BUY,0.0625,62305.48,0.00229280,BNB
2026-08-01T11:38:31Z,BYBIT,T00588,TRADER_B,TRADER_B_BYBIT,FUTURES,SOLUSDT,BUY,5,156.299,0.37179190,USDT
2026-08-01T22:03:52Z,BYBIT,T00675,TRADER_B,TRADER_B_BYBIT,FUTURES,SOLUSDT,BUY,10,157.678,0.00079810,BNB
2026-08-01T20:09:01Z,BYBIT,T00039,TRADER_B,TRADER_B_BYBIT,FUTURES,ETHUSDT,BUY,2,3132.3,1.57782486,USDT
2026-08-01T13:07:24Z,BINANCE,T00174,TRADER_D,TRADER_D_BINANCE,FUTURES,ETHUSDT,BUY,0.25,3165.66,0.00030193,BNB
2026-08-01T10:11:37Z,BINANCE,T00717,TRADER_A,TRADER_A_BINANCE,FUTURES,ETHUSDT,BUY,2,3190.12,2.98766073,USDT
2026-08-01T03:55:59Z,BYBIT,T00173,TRADER_B,TRADER_B_BYBIT,FUTURES,SOLUSDT,BUY,30,155.859,1.06680664,USDT
2026-08-01T09:52:50Z,BINANCE,T00546,TRADER_A,TRADER_A_BINANCE,FUTURES,XRPUSDT,BUY,750,0.62625,0.18490462,USDT
2026-08-01T10:42:01Z,BINANCE,T00295,TRADER_A,TRADER_A_BINANCE,FUTURES,ETHUSDT,SELL,1.25,3186.69,0.00207167,BNB
2026-08-01T18:08:28Z,OKX,T00471,TRADER_C,TRADER_C_OKX,FUTURES,BTCUSDT,BUY,0.1875,63296.74,5.90493134,USDT
2026-08-01T22:36:24Z,BYBIT,T00397,TRADER_A,TRADER_A_BYBIT,FUTURES,BTCUSDT,SELL,0.125,63994.61,0.00244774,BNB
2026-08-01T07:24:36Z,BYBIT,T00576,TRADER_B,TRADER_B_BYBIT,FUTURES,ETHUSDT,SELL,1,3175.09,0.80358344,USDT
2026-08-01T22:52:19Z,OKX,T00544,TRADER_B,TRADER_B_OKX,FUTURES,ETHUSDT,BUY,7,3127.51,4.39647087,USDT
2026-08-01T05:40:56Z,BYBIT,T00492,TRADER_B,TRADER_B_BYBIT,FUTURES,SOLUSDT,SELL,5,156.505,0.00041008,BNB
2026-08-01T08:08:35Z,BINANCE,T00213,TRADER_D,TRADER_D_BINANCE,FUTURES,ETHUSDT,BUY,1,3177.6,1.02433432,USDT
2026-08-01T10:30:56Z,OKX,T00064,TRADER_C,TRADER_C_OKX,FUTURES,BTCUSDT,SELL,0.5,62504.5,9.98581649,USDT
2026-08-01T01:10:36Z,OKX,T00172,TRADER_C,TRADER_C_OKX,FUTURES,BTCUSDT,SELL,0.25,62173.21,0.00701413,BNB
2026-08-01T18:32:40Z,OKX,T00554,TRADER_B,TRADER_B_OKX,FUTURES,XRPUSDT,BUY,1500,0.62627,0.00034958,BNB
2026-08-01T09:15:22Z,BINANCE,T00077,TRADER_C,TRADER_C_BINANCE,FUTURES,SOLUSDT,SELL,15,155.558,0.50773013,USDT
2026-08-01T22:44:56Z,OKX,T00469,TRADER_B,TRADER_B_OKX,FUTURES,ETHUSDT,BUY,0.5,3121.76,0.00077446,BNB
2026-08-01T20:31:52Z,OKX,T00240,TRADER_C,TRADER_C_OKX,FUTURES,XRPUSDT,SELL,3750,0.62429,0.84971137,USDT
2026-08-01T08:41:14Z,BYBIT,T00291,TRADER_D,TRADER_D_BYBIT,FUTURES,XRPUSDT,SELL,1500,0.62941,0.31674811,USDT
2026-08-01T15:59:53Z,BINANCE,T00501,TRADER_A,TRADER_A_BINANCE,FUTURES,BTCUSDT,SELL,0.5,63082.03,14.88402042,USDT
2026-08-01T19:00:39Z,BYBIT,T00290,TRADER_A,TRADER_A_BYBIT,FUTURES,BTCUSDT,BUY,0.0625,63183.13,0.00200387,BNB
2026-08-01T23:49:07Z,OKX,T00139,TRADER_C,TRADER_C_OKX,FUTURES,BTCUSDT,SELL,0.125,63634.39,1.80316620,USDT
2026-08-01T01:07:07Z,BYBIT,T00113,TRADER_B,TRADER_B_BYBIT,FUTURES,ETHUSDT,BUY,0.25,3203.93,0.18212426,USDT
2026-08-01T18:38:18Z,BINANCE,T00220,TRADER_C,TRADER_C_BINANCE,FUTURES,SOLUSDT,BUY,35,157.216,0.00157140,BNB
2026-08-01T12:27:44Z,OKX,T00276,TRADER_B,TRADER_B_OKX,FUTURES,ETHUSDT,SELL,3.25,3181.29,3.55283888,USDT
2026-08-01T08:17:15Z,BINANCE,T00326,TRADER_A,TRADER_A_BINANCE,FUTURES,ETHUSDT,BUY,0.25,3179.21,0.34213362,USDT
2026-08-01T03:10:12Z,BINANCE,T00185,TRADER_C,TRADER_C_BINANCE,FUTURES,SOLUSDT,SELL,10,155.38,0.39999052,USDT
2026-08-01T23:07:48Z,BYBIT,T00320,TRADER_A,TRADER_A_BYBIT,FUTURES,SOLUSDT,SELL,30,157.625,1.62080638,USDT
2026-08-01T12:12:22Z,BYBIT,T00248,TRADER_B,TRADER_B_BYBIT,FUTURES,SOLUSDT,BUY,35,156.669,1.77379630,USDT
2026-08-01T05:48:12Z,OKX,T00040,TRADER_C,TRADER_C_OKX,FUTURES,BTCUSDT,BUY,0.125,62629.52,3.44853013,USDT
2026-08-01T22:44:41Z,BYBIT,T00590,TRADER_D,TRADER_D_BYBIT,FUTURES,XRPUSDT,BUY,500,0.62462,0.10557735,USDT
2026-08-01T21:40:24Z,OKX,T00020,TRADER_C,TRADER_C_OKX,FUTURES,XRPUSDT,SELL,750,0.62337,0.00022203,BNB
2026-08-01T11:28:12Z,BINANCE,T00593,TRADER_C,TRADER_C_BINANCE,FUTURES,SOLUSDT,BUY,30,156.095,1.56594199,USDT
2026-08-01T14:40:04Z,BINANCE,T00579,TRADER_C,TRADER_C_BINANCE,FUTURES,SOLUSDT,BUY,40,155.684,1.39252541,USDT
2026-08-01T03:34:31Z,BINANCE,T00225,TRADER_A,TRADER_A_BINANCE,FUTURES,XRPUSDT,BUY,500,0.62206,0.11947159,USDT
2026-08-01T23:21:05Z,BYBIT,T00243,TRADER_D,TRADER_D_BYBIT,FUTURES,XRPUSDT,BUY,1500,0.62116,0.45169918,USDT
2026-08-01T03:52:13Z,BYBIT,T00196,TRADER_A,TRADER_A_BYBIT,FUTURES,BTCUSDT,SELL,0.1875,62159.49,2.36003150,USDT
2026-08-01T00:28:54Z,BYBIT,T00722,TRADER_B,TRADER_B_BYBIT,FUTURES,SOLUSDT,BUY,35,155.06,1.43441969,USDT
2026-08-01T09:09:51Z,BINANCE,T00159,TRADER_C,TRADER_C_BINANCE,FUTURES,SOLUSDT,SELL,10,155.384,0.53978861,USDT
2026-08-01T09:55:41Z,BINANCE,T00019,TRADER_A,TRADER_A_BINANCE,FUTURES,BTCUSDT,SELL,1.125,62599.06,34.41785486,USDT
2026-08-01T11:25:07Z,BINANCE,T00116,TRADER_A,TRADER_A_BINANCE,FUTURES,BTCUSDT,SELL,0.25,62639.44,6.50831206,USDT
2026-08-01T05:08:17Z,BYBIT,T00602,TRADER_A,TRADER_A_BYBIT,FUTURES,SOLUSDT,SELL,20,156.275,0.79563815,USDT
2026-08-01T12:52:01Z,BINANCE,T00359,TRADER_A,TRADER_A_BINANCE,FUTURES,ETHUSDT,SELL,4.75,3176.32,3.28930691,USDT
2026-08-01T12:11:26Z,BINANCE,T00432,TRADER_A,TRADER_A_BINANCE,FUTURES,XRPUSDT,BUY,1250,0.62637,0.25835658,USDT
2026-08-01T01:19:56Z,BYBIT,T00045,TRADER_B,TRADER_B_BYBIT,FUTURES,ETHUSDT,SELL,14.75,3206.79,10.40675825,USDT
2026-08-01T05:13:30Z,OKX,T00097,TRADER_C,TRADER_C_OKX,FUTURES,BTCUSDT,SELL,0.875,62598.5,20.54787528,USDT
2026-08-01T19:36:29Z,BYBIT,T00199,TRADER_B,TRADER_B_BYBIT,FUTURES,SOLUSDT,SELL,25,156.801,0.85988750,USDT
2026-08-01T23:10:14Z,BINANCE,T00363,TRADER_A,TRADER_A_BINANCE,FUTURES,XRPUSDT,BUY,1250,0.62156,0.23382045,USDT
2026-08-01T03:42:46Z,BYBIT,T00099,TRADER_A,TRADER_A_BYBIT,FUTURES,SOLUSDT,BUY,10,156.159,0.76008307,USDT
2026-08-01T02:37:12Z,BINANCE,T00259,TRADER_D,TRADER_D_BINANCE,FUTURES,ETHUSDT,SELL,1,3202.89,0.82696106,USDT
2026-08-01T22:07:47Z,BINANCE,T00076,TRADER_D,TRADER_D_BINANCE,FUTURES,ETHUSDT,SELL,0.25,3132.31,0.17638812,USDT
2026-08-01T09:07:52Z,BINANCE,T00377,TRADER_D,TRADER_D_BINANCE,FUTURES,ETHUSDT,SELL,1,3186.14,0.77399635,USDT
2026-08-01T13:34:47Z,OKX,T00254,TRADER_C,TRADER_C_OKX,FUTURES,XRPUSDT,SELL,2000,0.62369,0.29646739,USDT
2026-08-01T00:32:57Z,BINANCE,T00708,TRADER_A,TRADER_A_BINANCE,FUTURES,BTCUSDT,SELL,0.125,62204.13,2.76645937,USDT
2026-08-01T12:39:37Z,BYBIT,T00463,TRADER_B,TRADER_B_BYBIT,FUTURES,ETHUSDT,BUY,0.75,3175.81,0.99341815,USDT
2026-08-01T12:11:26Z,BINANCE,T00432,TRADER_A,TRADER_A_BINANCE,FUTURES,XRPUSDT,BUY,1250,0.62637,0.25835658,USDT
2026-08-01T04:14:54Z,BYBIT,T00697,TRADER_D,TRADER_D_BYBIT,FUTURES,XRPUSDT,BUY,500,0.6212,0.11433089,USDT
2026-08-01T13:01:43Z,BINANCE,T00726,TRADER_D,TRADER_D_BINANCE,FUTURES,XRPUSDT,BUY,11500,0.62269,1.79712141,USDT
2026-08-01T09:25:40Z,BINANCE,T00002,TRADER_A,TRADER_A_BINANCE,FUTURES,BTCUSDT,SELL,0.3125,62822.39,9.19303613,USDT
2026-08-01T19:42:07Z,BYBIT,T00645,TRADER_A,TRADER_A_BYBIT,FUTURES,BTCUSDT,BUY,0.25,63380,0.00408544,BNB
2026-08-01T01:49:52Z,OKX,T00131,TRADER_C,TRADER_C_OKX,FUTURES,SOLUSDT,SELL,30,156.276,0.00202547,BNB
2026-08-01T22:15:23Z,BINANCE,T00234,TRADER_A,TRADER_A_BINANCE,FUTURES,XRPUSDT,BUY,250,0.62338,0.05178583,USDT
2026-08-01T07:25:24Z,OKX,T00531,TRADER_B,TRADER_B_OKX,FUTURES,XRPUSDT,BUY,500,0.62628,0.00008580,BNB
2026-08-01T21:40:37Z,OKX,T00574,TRADER_C,TRADER_C_OKX,FUTURES,SOLUSDT,SELL,20,157.338,0.87081299,USDT
2026-08-01T22:04:30Z,BINANCE,T00092,TRADER_A,TRADER_A_BINANCE,FUTURES,ETHUSDT,BUY,5.5,3131.28,3.70965905,USDT
2026-08-01T01:36:19Z,BINANCE,T00382,TRADER_D,TRADER_D_BINANCE,FUTURES,XRPUSDT,BUY,500,0.62122,0.08675473,USDT
2026-08-01T22:08:57Z,OKX,T00021,TRADER_B,TRADER_B_OKX,FUTURES,ETHUSDT,SELL,0.25,3128.18,0.29631952,USDT
2026-08-01T13:54:29Z,BINANCE,T00664,TRADER_C,TRADER_C_BINANCE,FUTURES,SOLUSDT,BUY,260,156.162,11.93802331,USDT
2026-08-01T03:33:52Z,OKX,T00289,TRADER_B,TRADER_B_OKX,FUTURES,XRPUSDT,SELL,7500,0.62179,1.40491690,USDT
2026-08-01T10:30:42Z,BYBIT,T00051,TRADER_D,TRADER_D_BYBIT,FUTURES,XRPUSDT,SELL,2000,0.62632,0.45175201,USDT
2026-08-01T13:09:43Z,BYBIT,T00328,TRADER_B,TRADER_B_BYBIT,FUTURES,SOLUSDT,SELL,5,156.849,0.00044770,BNB
2026-08-01T00:25:18Z,OKX,T00156,TRADER_B,TRADER_B_OKX,FUTURES,XRPUSDT,BUY,250,0.6202,0.00007740,BNB
2026-08-01T15:26:22Z,BINANCE,T00350,TRADER_A,TRADER_A_BINANCE,FUTURES,XRPUSDT,BUY,1000,0.62664,0.13655199,USDT
2026-08-01T12:36:20Z,OKX,T00310,TRADER_C,TRADER_C_OKX,FUTURES,SOLUSDT,SELL,10,156.86,0.76501605,USDT
2026-08-01T17:45:46Z,BINANCE,T00486,TRADER_D,TRADER_D_BINANCE,FUTURES,ETHUSDT,BUY,0.75,3155.11,0.00109978,BNB
2026-08-01T04:57:54Z,BYBIT,T00370,TRADER_A,TRADER_A_BYBIT,FUTURES,SOLUSDT,SELL,20,156.704,1.45134812,USDT
2026-08-01T14:49:10Z,BINANCE,T00249,TRADER_A,TRADER_A_BINANCE,FUTURES,ETHUSDT,BUY,0.5,3169.44,0.48908224,USDT
2026-08-01T05:34:50Z,BYBIT,T00284,TRADER_D,TRADER_D_BYBIT,FUTURES,XRPUSDT,BUY,750,0.62061,0.00022931,BNB
2026-08-01T23:27:28Z,BYBIT,T00179,TRADER_A,TRADER_A_BYBIT,FUTURES,SOLUSDT,SELL,5,157.291,0.34753602,USDT
2026-08-01T16:22:16Z,BINANCE,T00346,TRADER_C,TRADER_C_BINANCE,FUTURES,SOLUSDT,SELL,190,156.815,6.48224163,USDT
2026-08-01T06:31:14Z,BYBIT,T00433,TRADER_A,TRADER_A_BYBIT,FUTURES,BTCUSDT,BUY,0.125,62590.48,2.44956248,USDT
2026-08-01T12:24:34Z,OKX,T00060,TRADER_C,TRADER_C_OKX,FUTURES,BTCUSDT,BUY,0.5625,62483.27,17.23273981,USDT
2026-08-01T09:16:16Z,BYBIT,T00026,TRADER_B,TRADER_B_BYBIT,FUTURES,ETHUSDT,SELL,23.25,3184.5,0.04549092,BNB
2026-08-01T16:39:31Z,BINANCE,T00620,TRADER_A,TRADER_A_BINANCE,FUTURES,XRPUSDT,SELL,6500,0.62721,1.13978798,USDT
2026-08-01T04:45:56Z,BYBIT,T00748,TRADER_B,TRADER_B_BYBIT,FUTURES,SOLUSDT,BUY,10,156.699,0.00079729,BNB
2026-08-01T09:31:45Z,BYBIT,T00356,TRADER_A,TRADER_A_BYBIT,FUTURES,BTCUSDT,SELL,0.1875,62689.71,3.63515860,USDT
2026-08-01T13:15:14Z,BYBIT,T00341,TRADER_B,TRADER_B_BYBIT,FUTURES,SOLUSDT,SELL,5,156.622,0.25143694,USDT
2026-08-01T18:40:44Z,OKX,T00663,TRADER_B,TRADER_B_OKX,FUTURES,ETHUSDT,SELL,1.25,3153.13,1.07512950,USDT
2026-08-01T15:37:40Z,BYBIT,T00091,TRADER_B,TRADER_B_BYBIT,FUTURES,ETHUSDT,SELL,2,3172.14,1.38708569,USDT
2026-08-01T18:51:33Z,BINANCE,T00515,TRADER_A,TRADER_A_BINANCE,FUTURES,BTCUSDT,SELL,0.5,63283.28,13.29940207,USDT
2026-08-01T23:08:04Z,OKX,T00368,TRADER_B,TRADER_B_OKX,FUTURES,ETHUSDT,SELL,7.75,3129.08,8.27340070,USDT
2026-08-01T11:25:40Z,BYBIT,T00738,TRADER_A,TRADER_A_BYBIT,FUTURES,BTCUSDT,SELL,0.1875,62546.28,3.14308094,USDT
2026-08-01T15:20:34Z,BYBIT,T00591,TRADER_B,TRADER_B_BYBIT,FUTURES,SOLUSDT,BUY,10,156.015,0.57836100,USDT
2026-08-01T07:22:42Z,BINANCE,T00210,TRADER_C,TRADER_C_BINANCE,FUTURES,SOLUSDT,BUY,5,156.599,0.27691813,USDT
2026-08-01T07:38:07Z,BINANCE,T00069,TRADER_A,TRADER_A_BINANCE,FUTURES,ETHUSDT,SELL,0.25,3178.9,0.00035866,BNB
2026-08-01T08:48:19Z,BINANCE,T00371,TRADER_D,TRADER_D_BINANCE,FUTURES,XRPUSDT,BUY,1500,0.62969,0.23035487,USDT
2026-08-01T22:56:53Z,OKX,T00730,TRADER_B,TRADER_B_OKX,FUTURES,XRPUSDT,BUY,500,0.62314,0.09177382,USDT
2026-08-01T14:09:44Z,BYBIT,T00551,TRADER_A,TRADER_A_BYBIT,FUTURES,BTCUSDT,BUY,0.375,63005.02,6.07987595,USDT
2026-08-01T16:24:28Z,BYBIT,T00003,TRADER_A,TRADER_A_BYBIT,FUTURES,BTCUSDT,SELL,0.0625,63240.34,1.54318075,USDT
2026-08-01T23:15:55Z,BINANCE,T00373,TRADER_A,TRADER_A_BINANCE,FUTURES,BTCUSDT,BUY,0.1875,63922.7,2.84854110,USDT
2026-08-01T17:43:55Z,OKX,T00042,TRADER_B,TRADER_B_OKX,FUTURES,ETHUSDT,BUY,1.25,3155.99,1.96372539,USDT
2026-08-01T18:40:26Z,OKX,T00143,TRADER_C,TRADER_C_OKX,FUTURES,SOLUSDT,SELL,5,157.519,0.31154443,USDT
2026-08-01T22:35:45Z,OKX,T00366,TRADER_C,TRADER_C_OKX,FUTURES,SOLUSDT,BUY,30,157.229,0.00206774,BNB
2026-08-01T13:08:56Z,BYBIT,T00582,TRADER_B,TRADER_B_BYBIT,FUTURES,SOLUSDT,SELL,30,156.789,1.86321724,USDT
2026-08-01T06:58:54Z,OKX,T00595,TRADER_C,TRADER_C_OKX,FUTURES,SOLUSDT,BUY,20,156.184,0.69950138,USDT
2026-08-01T09:40:19Z,BINANCE,T00063,TRADER_A,TRADER_A_BINANCE,FUTURES,XRPUSDT,SELL,1500,0.6253,0.33270347,USDT
2026-08-01T19:31:54Z,OKX,T00332,TRADER_C,TRADER_C_OKX,FUTURES,BTCUSDT,BUY,0.1875,63386.66,3.76844757,USDT
2026-08-01T22:43:13Z,BYBIT,T00630,TRADER_B,TRADER_B_BYBIT,FUTURES,ETHUSDT,BUY,0.5,3126.38,0.71839950,USDT
2026-08-01T00:57:53Z,OKX,T00671,TRADER_B,TRADER_B_OKX,FUTURES,XRPUSDT,BUY,250,0.62067,0.00006326,BNB
2026-08-01T19:51:39Z,BYBIT,T00427,TRADER_B,TRADER_B_BYBIT,FUTURES,SOLUSDT,SELL,10,156.944,0.61820787,USDT
2026-08-01T01:44:44Z,BINANCE,T00470,TRADER_A,TRADER_A_BINANCE,FUTURES,XRPUSDT,BUY,500,0.62048,0.07567629,USDT
2026-08-01T16:26:26Z,BINANCE,T00375,TRADER_D,TRADER_D_BINANCE,FUTURES,XRPUSDT,BUY,250,0.62932,0.00006402,BNB
2026-08-01T06:43:24Z,BINANCE,T00333,TRADER_D,TRADER_D_BINANCE,FUTURES,ETHUSDT,BUY,1,3175.96,0.93612220,USDT
2026-08-01T12:39:37Z,BYBIT,T00463,TRADER_B,TRADER_B_BYBIT,FUTURES,ETHUSDT,BUY,0.75,3175.81,0.99341815,USDT
2026-08-01T01:29:51Z,BYBIT,T00212,TRADER_B,TRADER_B_BYBIT,FUTURES,SOLUSDT,SELL,25,155.625,1.56694712,USDT
2026-08-01T13:26:27Z,OKX,T00723,TRADER_C,TRADER_C_OKX,FUTURES,XRPUSDT,BUY,1250,0.62265,0.00019569,BNB
2026-08-01T00:40:35Z,BINANCE,T00635,TRADER_D,TRADER_D_BINANCE,FUTURES,XRPUSDT,BUY,500,0.62059,0.13965412,USDT
2026-08-01T15:24:38Z,OKX,T00429,TRADER_B,TRADER_B_OKX,FUTURES,XRPUSDT,BUY,500,0.62644,0.14857474,USDT
2026-08-01T03:54:18Z,BYBIT,T00299,TRADER_B,TRADER_B_BYBIT,FUTURES,SOLUSDT,BUY,10,156.178,0.69315063,USDT
2026-08-01T04:01:17Z,BYBIT,T00616,TRADER_A,TRADER_A_BYBIT,FUTURES,SOLUSDT,BUY,40,156.668,2.07036598,USDT
2026-08-01T08:14:03Z,BYBIT,T00068,TRADER_B,TRADER_B_BYBIT,FUTURES,SOLUSDT,SELL,20,155.83,0.65377935,USDT
2026-08-01T10:27:39Z,OKX,T00662,TRADER_C,TRADER_C_OKX,FUTURES,BTCUSDT,BUY,0.5,62502.09,11.71628701,USDT
2026-08-01T18:34:33Z,OKX,T00660,TRADER_C,TRADER_C_OKX,FUTURES,XRPUSDT,SELL,250,0.62733,0.03291917,USDT
2026-08-01T20:11:11Z,BINANCE,T00495,TRADER_A,TRADER_A_BINANCE,FUTURES,XRPUSDT,BUY,500,0.62548,0.00018473,BNB
2026-08-01T12:20:44Z,OKX,T00700,TRADER_C,TRADER_C_OKX,FUTURES,BTCUSDT,BUY,0.0625,62518.58,1.87407304,USDT
2026-08-01T00:10:36Z,BYBIT,T00505,TRADER_B,TRADER_B_BYBIT,FUTURES,ETHUSDT,BUY,2,3196.55,2.94352723,USDT
2026-08-01T18:48:55Z,OKX,T00589,TRADER_C,TRADER_C_OKX,FUTURES,BTCUSDT,BUY,0.0625,63265.27,0.00138829,BNB
2026-08-01T22:27:56Z,BYBIT,T00034,TRADER_D,TRADER_D_BYBIT,FUTURES,XRPUSDT,SELL,2000,0.62285,0.51855230,USDT
2026-08-01T05:15:31Z,BYBIT,T00146,TRADER_A,TRADER_A_BYBIT,FUTURES,BTCUSDT,SELL,0.125,62546.77,3.61943928,USDT
2026-08-01T00:05:31Z,OKX,T00180,TRADER_C,TRADER_C_OKX,FUTURES,SOLUSDT,BUY,40,154.999,2.28719313,USDT
2026-08-01T17:23:41Z,OKX,T00725,TRADER_C,TRADER_C_OKX,FUTURES,BTCUSDT,BUY,0.375,63188.51,7.70599454,USDT
2026-08-01T18:10:02Z,BINANCE,T00622,TRADER_D,TRADER_D_BINANCE,FUTURES,XRPUSDT,SELL,500,0.62429,0.14521779,USDT
2026-08-01T08:59:48Z,OKX,T00657,TRADER_B,TRADER_B_OKX,FUTURES,XRPUSDT,BUY,4000,0.62988,0.92523166,USDT
2026-08-01T00:14:34Z,OKX,T00362,TRADER_C,TRADER_C_OKX,FUTURES,XRPUSDT,SELL,5250,0.61952,1.26864015,USDT
2026-08-01T13:39:56Z,BINANCE,T00263,TRADER_A,TRADER_A_BINANCE,FUTURES,BTCUSDT,BUY,0.5,62897.71,11.97396382,USDT
2026-08-01T20:42:15Z,OKX,T00558,TRADER_B,TRADER_B_OKX,FUTURES,XRPUSDT,SELL,2000,0.6241,0.56261701,USDT
2026-08-01T17:30:28Z,BINANCE,T00668,TRADER_C,TRADER_C_BINANCE,FUTURES,SOLUSDT,SELL,15,157.332,0.88141845,USDT
2026-08-01T08:55:21Z,BYBIT,T00481,TRADER_D,TRADER_D_BYBIT,FUTURES,XRPUSDT,SELL,750,0.63038,0.00028744,BNB
2026-08-01T15:47:30Z,BINANCE,T00741,TRADER_A,TRADER_A_BINANCE,FUTURES,BTCUSDT,BUY,0.3125,63071.84,5.06298378,USDT
2026-08-01T18:58:36Z,BINANCE,T00103,TRADER_C,TRADER_C_BINANCE,FUTURES,SOLUSDT,BUY,10,157.197,0.73658112,USDT
2026-08-01T05:30:52Z,OKX,T00271,TRADER_B,TRADER_B_OKX,FUTURES,XRPUSDT,SELL,2250,0.62137,0.29239701,USDT
2026-08-01T20:23:58Z,BINANCE,T00506,TRADER_A,TRADER_A_BINANCE,FUTURES,BTCUSDT,SELL,0.375,63277.84,9.33081579,USDT
2026-08-01T01:26:16Z,BYBIT,T00272,TRADER_A,TRADER_A_BYBIT,FUTURES,BTCUSDT,SELL,0.1875,62095.43,2.67586837,USDT
2026-08-01T12:37:39Z,BINANCE,T00538,TRADER_A,TRADER_A_BINANCE,FUTURES,ETHUSDT,BUY,1,3180.09,0.90385754,USDT
2026-08-01T12:54:02Z,OKX,T00496,TRADER_B,TRADER_B_OKX,FUTURES,ETHUSDT,SELL,0.75,3177.24,0.63980478,USDT
2026-08-01T14:57:44Z,BINANCE,T00513,TRADER_D,TRADER_D_BINANCE,FUTURES,XRPUSDT,SELL,6250,0.6252,1.19169351,USDT
2026-08-01T03:19:06Z,BINANCE,T00305,TRADER_A,TRADER_A_BINANCE,FUTURES,BTCUSDT,SELL,0.25,61905.23,3.79227712,USDT
2026-08-01T16:44:03Z,OKX,T00667,TRADER_B,TRADER_B_OKX,FUTURES,XRPUSDT,BUY,750,0.62608,0.12998561,USDT
2026-08-01T16:58:59Z,BYBIT,T00107,TRADER_A,TRADER_A_BYBIT,FUTURES,SOLUSDT,SELL,10,157.042,0.50912457,USDT
2026-08-01T18:53:00Z,OKX,T00165,TRADER_C,TRADER_C_OKX,FUTURES,XRPUSDT,BUY,1500,0.62643,0.00043482,BNB
2026-08-01T04:58:11Z,OKX,T00627,TRADER_B,TRADER_B_OKX,FUTURES,ETHUSDT,SELL,0.5,3195.13,0.37645433,USDT
2026-08-01T10:17:50Z,OKX,T00572,TRADER_C,TRADER_C_OKX,FUTURES,SOLUSDT,BUY,10,156.099,0.75119005,USDT
2026-08-01T22:08:46Z,BINANCE,T00190,TRADER_C,TRADER_C_BINANCE,FUTURES,SOLUSDT,SELL,145,157.598,10.21131636,USDT
2026-08-01T06:56:20Z,BINANCE,T00385,TRADER_D,TRADER_D_BINANCE,FUTURES,ETHUSDT,SELL,0.5,3179.43,0.53969903,USDT
2026-08-01T14:36:48Z,OKX,T00530,TRADER_C,TRADER_C_OKX,FUTURES,BTCUSDT,BUY,0.0625,62826.53,0.00165010,BNB
2026-08-01T11:29:15Z,OKX,T00732,TRADER_C,TRADER_C_OKX,FUTURES,BTCUSDT,SELL,0.3125,62564.88,0.00666054,BNB
2026-08-01T07:19:59Z,BINANCE,T00073,TRADER_A,TRADER_A_BINANCE,FUTURES,BTCUSDT,BUY,0.5,62716.81,10.51192747,USDT
2026-08-01T15:24:49Z,OKX,T00161,TRADER_C,TRADER_C_OKX,FUTURES,SOLUSDT,BUY,15,156.037,0.65800126,USDT
2026-08-01T05:54:13Z,BYBIT,T00088,TRADER_A,TRADER_A_BYBIT,FUTURES,SOLUSDT,BUY,15,156.488,1.04926921,USDT
2026-08-01T04:21:26Z,BINANCE,T00690,TRADER_A,TRADER_A_BINANCE,FUTURES,XRPUSDT,BUY,1500,0.62188,0.27015750,USDT
2026-08-01T06:51:53Z,BYBIT,T00556,TRADER_B,TRADER_B_BYBIT,FUTURES,ETHUSDT,SELL,0.75,3174.01,1.02204246,USDT
2026-08-01T09:26:07Z,OKX,T00694,TRADER_C,TRADER_C_OKX,FUTURES,BTCUSDT,BUY,0.125,62711.12,3.32418299,USDT
2026-08-01T10:43:59Z,BINANCE,T00066,TRADER_D,TRADER_D_BINANCE,FUTURES,ETHUSDT,BUY,2,3189.74,3.16834046,USDT
2026-08-01T10:44:39Z,OKX,T00358,TRADER_B,TRADER_B_OKX,FUTURES,XRPUSDT,BUY,250,0.62589,0.00007735,BNB
2026-08-01T14:29:03Z,OKX,T00458,TRADER_C,TRADER_C_OKX,FUTURES,SOLUSDT,SELL,5,155.747,0.21529415,USDT
2026-08-01T00:56:08Z,BINANCE,T00705,TRADER_A,TRADER_A_BINANCE,FUTURES,XRPUSDT,BUY,250,0.62068,0.04616547,USDT
2026-08-01T22:12:04Z,BINANCE,T00351,TRADER_A,TRADER_A_BINANCE,FUTURES,BTCUSDT,BUY,0.25,63837.62,5.14003425,USDT
2026-08-01T15:17:10Z,BINANCE,T00394,TRADER_D,TRADER_D_BINANCE,FUTURES,XRPUSDT,SELL,2000,0.62654,0.61344846,USDT
2026-08-01T18:09:46Z,OKX,T00420,TRADER_C,TRADER_C_OKX,FUTURES,BTCUSDT,SELL,0.125,63367.23,3.00918216,USDT
2026-08-01T19:37:33Z,BINANCE,T00312,TRADER_C,TRADER_C_BINANCE,FUTURES,SOLUSDT,SELL,20,156.973,0.79376223,USDT
2026-08-01T07:34:12Z,BYBIT,T00411,TRADER_B,TRADER_B_BYBIT,FUTURES,ETHUSDT,BUY,21.25,3179.9,33.25018318,USDT
2026-08-01T02:42:55Z,OKX,T00246,TRADER_C,TRADER_C_OKX,FUTURES,XRPUSDT,BUY,250,0.61993,0.05704502,USDT
2026-08-01T22:02:32Z,OKX,T00348,TRADER_C,TRADER_C_OKX,FUTURES,BTCUSDT,BUY,0.3125,63817.08,7.06177375,USDT
2026-08-01T08:02:04Z,BINANCE,T00497,TRADER_C,TRADER_C_BINANCE,FUTURES,SOLUSDT,BUY,40,155.727,1.98644633,USDT
2026-08-01T09:08:31Z,BINANCE,T00461,TRADER_A,TRADER_A_BINANCE,FUTURES,BTCUSDT,BUY,0.375,62804.28,10.76773997,USDT
2026-08-01T11:00:20Z,BINANCE,T00666,TRADER_D,TRADER_D_BINANCE,FUTURES,XRPUSDT,BUY,250,0.62653,0.05707398,USDT
2026-08-01T12:31:29Z,OKX,T00247,TRADER_C,TRADER_C_OKX,FUTURES,SOLUSDT,BUY,25,156.633,0.00201799,BNB
2026-08-01T18:21:43Z,BYBIT,T00693,TRADER_B,TRADER_B_BYBIT,FUTURES,SOLUSDT,SELL,5,157.712,0.36019012,USDT
2026-08-01T03:14:05Z,OKX,T00074,TRADER_C,TRADER_C_OKX,FUTURES,SOLUSDT,BUY,30,155.495,1.62139929,USDT
2026-08-01T12:37:58Z,OKX,T00055,TRADER_B,TRADER_B_OKX,FUTURES,XRPUSDT,SELL,250,0.62399,0.05619535,USDT
2026-08-01T15:40:57Z,BINANCE,T00563,TRADER_A,TRADER_A_BINANCE,FUTURES,BTCUSDT,BUY,0.3125,63053,0.00789636,BNB
2026-08-01T05:10:02Z,OKX,T00617,TRADER_B,TRADER_B_OKX,FUTURES,ETHUSDT,SELL,1.5,3198.06,1.17535711,USDT
2026-08-01T12:27:49Z,BYBIT,T00413,TRADER_A,TRADER_A_BYBIT,FUTURES,SOLUSDT,SELL,30,156.525,1.70947677,USDT
2026-08-01T04:19:45Z,BINANCE,T00005,TRADER_A,TRADER_A_BINANCE,FUTURES,BTCUSDT,SELL,0.25,61994.83,5.20024303,USDT
2026-08-01T00:25:10Z,BINANCE,T00642,TRADER_D,TRADER_D_BINANCE,FUTURES,ETHUSDT,SELL,0.5,3199.77,0.44709129,USDT
2026-08-01T07:26:25Z,BINANCE,T00451,TRADER_D,TRADER_D_BINANCE,FUTURES,ETHUSDT,BUY,0.5,3175.72,0.45484045,USDT
2026-08-01T18:57:16Z,BYBIT,T00621,TRADER_B,TRADER_B_BYBIT,FUTURES,ETHUSDT,SELL,0.25,3150.81,0.21055042,USDT
2026-08-01T03:53:53Z,BYBIT,T00478,TRADER_B,TRADER_B_BYBIT,FUTURES,SOLUSDT,SELL,10,156.039,0.54213939,USDT
2026-08-01T01:34:09Z,BINANCE,T00518,TRADER_C,TRADER_C_BINANCE,FUTURES,SOLUSDT,BUY,15,156.092,0.86232231,USDT
2026-08-01T18:45:47Z,OKX,T00114,TRADER_C,TRADER_C_OKX,FUTURES,XRPUSDT,BUY,4750,0.62727,0.74521492,USDT
2026-08-01T16:43:48Z,OKX,T00423,TRADER_B,TRADER_B_OKX,FUTURES,ETHUSDT,BUY,0.5,3159.48,0.43711085,USDT
2026-08-01T22:19:34Z,BINANCE,T00223,TRADER_A,TRADER_A_BINANCE,FUTURES,BTCUSDT,BUY,0.25,63779.04,4.87543722,USDT
2026-08-01T10:30:30Z,BINANCE,T00658,TRADER_A,TRADER_A_BINANCE,FUTURES,BTCUSDT,BUY,0.25,62488.72,7.26206990,USDT
2026-08-01T13:26:02Z,OKX,T00652,TRADER_C,TRADER_C_OKX,FUTURES,BTCUSDT,BUY,0.375,62934.88,0.01334113,BNB
2026-08-01T22:53:54Z,BINANCE,T00219,TRADER_A,TRADER_A_BINANCE,FUTURES,XRPUSDT,BUY,500,0.62357,0.12166714,USDT
2026-08-01T23:10:16Z,BINANCE,T00035,TRADER_D,TRADER_D_BINANCE,FUTURES,ETHUSDT,SELL,1.5,3127.82,0.96264687,USDT
2026-08-01T23:20:52Z,OKX,T00279,TRADER_B,TRADER_B_OKX,FUTURES,XRPUSDT,SELL,1500,0.62137,0.21062568,USDT
2026-08-01T04:38:32Z,BINANCE,T00422,TRADER_A,TRADER_A_BINANCE,FUTURES,XRPUSDT,BUY,1500,0.62211,0.40063557,USDT
2026-08-01T17:03:40Z,OKX,T00013,TRADER_C,TRADER_C_OKX,FUTURES,XRPUSDT,SELL,2000,0.62468,0.44690394,USDT
2026-08-01T05:25:15Z,OKX,T00186,TRADER_C,TRADER_C_OKX,FUTURES,XRPUSDT,BUY,1250,0.61944,0.38352882,USDT
2026-08-01T08:39:06Z,BYBIT,T00207,TRADER_A,TRADER_A_BYBIT,FUTURES,BTCUSDT,SELL,0.1875,62622.91,5.52729409,USDT
2026-08-01T06:08:27Z,BINANCE,T00638,TRADER_A,TRADER_A_BINANCE,FUTURES,ETHUSDT,SELL,0.25,3187.06,0.31103299,USDT
2026-08-01T04:58:51Z,OKX,T00270,TRADER_C,TRADER_C_OKX,FUTURES,BTCUSDT,BUY,0.3125,62204.88,7.37016922,USDT
2026-08-01T16:55:07Z,BINANCE,T00468,TRADER_A,TRADER_A_BINANCE,FUTURES,ETHUSDT,BUY,1.5,3163.99,2.01628857,USDT
2026-08-01T21:21:43Z,OKX,T00419,TRADER_C,TRADER_C_OKX,FUTURES,XRPUSDT,BUY,1250,0.62267,0.00026707,BNB
2026-08-01T15:29:33Z,BINANCE,T00444,TRADER_D,TRADER_D_BINANCE,FUTURES,XRPUSDT,BUY,2000,0.62653,0.28325887,USDT
2026-08-01T21:31:07Z,BINANCE,T00216,TRADER_A,TRADER_A_BINANCE,FUTURES,BTCUSDT,BUY,0.125,63679.93,3.66178971,USDT
2026-08-01T21:44:25Z,BINANCE,T00721,TRADER_D,TRADER_D_BINANCE,FUTURES,XRPUSDT,BUY,500,0.62398,0.13617741,USDT
2026-08-01T00:23:05Z,BINANCE,T00292,TRADER_C,TRADER_C_BINANCE,FUTURES,SOLUSDT,SELL,25,155.15,1.41126728,USDT
2026-08-01T16:38:35Z,BYBIT,T00231,TRADER_B,TRADER_B_BYBIT,FUTURES,ETHUSDT,BUY,1.5,3159.04,0.00290585,BNB
2026-08-01T19:57:54Z,BINANCE,T00015,TRADER_D,TRADER_D_BINANCE,FUTURES,ETHUSDT,BUY,1.5,3128.95,1.04480389,USDT
2026-08-01T02:57:16Z,BYBIT,T00380,TRADER_D,TRADER_D_BYBIT,FUTURES,XRPUSDT,BUY,2250,0.62013,0.66469067,USDT
2026-08-01T16:48:19Z,OKX,T00542,TRADER_C,TRADER_C_OKX,FUTURES,SOLUSDT,BUY,5,156.956,0.37413463,USDT
2026-08-01T10:43:52Z,BINANCE,T00317,TRADER_A,TRADER_A_BINANCE,FUTURES,ETHUSDT,SELL,1,3190.94,0.96955325,USDT
2026-08-01T05:17:44Z,BYBIT,T00426,TRADER_B,TRADER_B_BYBIT,FUTURES,SOLUSDT,SELL,10,156.267,0.32357509,USDT
2026-08-01T15:18:10Z,OKX,T00532,TRADER_C,TRADER_C_OKX,FUTURES,BTCUSDT,SELL,0.0625,62799.81,0.00163108,BNB
2026-08-01T00:37:28Z,BINANCE,T00718,TRADER_C,TRADER_C_BINANCE,FUTURES,SOLUSDT,BUY,5,155.4,0.23767092,USDT
2026-08-01T10:51:14Z,OKX,T00449,TRADER_C,TRADER_C_OKX,FUTURES,XRPUSDT,BUY,750,0.62625,0.16532663,USDT
2026-08-01T21:07:42Z,BYBIT,T00197,TRADER_D,TRADER_D_BYBIT,FUTURES,XRPUSDT,BUY,1000,0.62326,0.25893656,USDT
2026-08-01T12:56:20Z,BINANCE,T00006,TRADER_A,TRADER_A_BINANCE,FUTURES,BTCUSDT,SELL,0.125,62816.96,3.05669279,USDT
2026-08-01T22:15:31Z,BINANCE,T00085,TRADER_A,TRADER_A_BINANCE,FUTURES,ETHUSDT,BUY,1.25,3132.42,1.90214586,USDT
